id,ts,level,service,message,latency_ms
1,2026-09-02T10:01:13Z,INFO,api-1,request handled,7
2,2026-09-03T10:02:26Z,INFO,api-2,request handled,14
3,2026-09-04T10:03:39Z,INFO,api-3,request handled,21
4,2026-09-05T10:04:52Z,INFO,api-4,request handled,28
5,2026-09-06T10:05:05Z,INFO,api-5,request handled,35
6,2026-09-07T10:06:18Z,INFO,api-6,request handled,42
7,2026-09-08T10:07:31Z,INFO,api-7,request handled,49
8,2026-09-01T10:08:44Z,INFO,api-8,request handled,56
9,2026-09-02T10:09:57Z,INFO,api-9,request handled,63
10,2026-09-03T10:10:10Z,INFO,api-10,request handled,70
11,2026-09-04T10:11:23Z,INFO,api-11,request handled,77
12,2026-09-05T10:12:36Z,INFO,api-0,request handled,84
13,2026-09-06T10:13:49Z,INFO,api-1,request handled,91
14,2026-09-07T10:14:02Z,INFO,api-2,request handled,98
15,2026-09-08T10:15:15Z,INFO,api-3,request handled,105
16,2026-09-01T10:16:28Z,INFO,api-4,request handled,112
17,2026-09-02T10:17:41Z,INFO,api-5,request handled,119
18,2026-09-03T10:18:54Z,INFO,api-6,request handled,126
19,2026-09-04T10:19:07Z,INFO,api-7,request handled,133
20,2026-09-05T10:20:20Z,INFO,api-8,request handled,140
21,2026-09-06T10:21:33Z,INFO,api-9,request handled,147
22,2026-09-07T10:22:46Z,INFO,api-10,request handled,154
23,2026-09-08T10:23:59Z,INFO,api-11,request handled,161
24,2026-09-01T10:24:12Z,INFO,api-0,request handled,168
25,2026-09-02T10:25:25Z,INFO,api-1,request handled,175
26,2026-09-03T10:26:38Z,INFO,api-2,request handled,182
27,2026-09-04T10:27:51Z,INFO,api-3,request handled,189
28,2026-09-05T10:28:04Z,INFO,api-4,request handled,196
29,2026-09-06T10:29:17Z,INFO,api-5,request handled,203
30,2026-09-07T10:30:30Z,INFO,api-6,request handled,210
31,2026-09-08T10:31:43Z,INFO,api-7,request handled,217
32,2026-09-01T10:32:56Z,INFO,api-8,request handled,224
33,2026-09-02T10:33:09Z,INFO,api-9,request handled,231
34,2026-09-03T10:34:22Z,INFO,api-10,request handled,238
35,2026-09-04T10:35:35Z,INFO,api-11,request handled,245
36,2026-09-05T10:36:48Z,INFO,api-0,request handled,252
37,2026-09-06T10:37:01Z,INFO,api-1,request handled,259
38,2026-09-07T10:38:14Z,INFO,api-2,request handled,266
39,2026-09-08T10:39:27Z,INFO,api-3,request handled,273
40,2026-09-01T10:40:40Z,INFO,api-4,request handled,280
41,2026-09-02T10:41:53Z,INFO,api-5,request handled,287
42,2026-09-03T10:42:06Z,INFO,api-6,request handled,294
43,2026-09-04T10:43:19Z,INFO,api-7,request handled,301
44,2026-09-05T10:44:32Z,INFO,api-8,request handled,308
45,2026-09-06T10:45:45Z,INFO,api-9,request handled,315
46,2026-09-07T10:46:58Z,INFO,api-10,request handled,322
47,2026-09-08T10:47:11Z,INFO,api-11,request handled,329
48,2026-09-01T10:48:24Z,INFO,api-0,request handled,336
49,2026-09-02T10:49:37Z,INFO,api-1,request handled,343
50,2026-09-03T10:50:50Z,INFO,api-2,request handled,350
51,2026-09-04T10:51:03Z,INFO,api-3,request handled,357
52,2026-09-05T10:52:16Z,INFO,api-4,request handled,364
53,2026-09-06T10:53:29Z,INFO,api-5,request handled,371
54,2026-09-07T10:54:42Z,INFO,api-6,request handled,378
55,2026-09-08T10:55:55Z,INFO,api-7,request handled,385
56,2026-09-01T10:56:08Z,INFO,api-8,request handled,392
57,2026-09-02T10:57:21Z,INFO,api-9,request handled,399
58,2026-09-03T10:58:34Z,INFO,api-10,request handled,406
59,2026-09-04T10:59:47Z,INFO,api-11,request handled,413
60,2026-09-05T10:00:00Z,INFO,api-0,request handled,420
61,2026-09-06T10:01:13Z,INFO,api-1,request handled,427
62,2026-09-07T10:02:26Z,INFO,api-2,request handled,434
63,2026-09-08T10:03:39Z,INFO,api-3,request handled,441
64,2026-09-01T10:04:52Z,INFO,api-4,request handled,448
65,2026-09-02T10:05:05Z,INFO,api-5,request handled,455
66,2026-09-03T10:06:18Z,INFO,api-6,request handled,462
67,2026-09-04T10:07:31Z,INFO,api-7,request handled,469
68,2026-09-05T10:08:44Z,INFO,api-8,request handled,476
69,2026-09-06T10:09:57Z,INFO,api-9,request handled,483
70,2026-09-07T10:10:10Z,INFO,api-10,request handled,490
71,2026-09-08T10:11:23Z,INFO,api-11,request handled,497
72,2026-09-01T10:12:36Z,INFO,api-0,request handled,504
73,2026-09-02T10:13:49Z,INFO,api-1,request handled,511
74,2026-09-03T10:14:02Z,INFO,api-2,request handled,518
75,2026-09-04T10:15:15Z,INFO,api-3,request handled,525
76,2026-09-05T10:16:28Z,INFO,api-4,request handled,532
77,2026-09-06T10:17:41Z,INFO,api-5,request handled,539
78,2026-09-07T10:18:54Z,INFO,api-6,request handled,546
79,2026-09-08T10:19:07Z,INFO,api-7,request handled,553
80,2026-09-01T10:20:20Z,INFO,api-8,request handled,560
81,2026-09-02T10:21:33Z,INFO,api-9,request handled,567
82,2026-09-03T10:22:46Z,INFO,api-10,request handled,574
83,2026-09-04T10:23:59Z,INFO,api-11,request handled,581
84,2026-09-05T10:24:12Z,INFO,api-0,request handled,588
85,2026-09-06T10:25:25Z,INFO,api-1,request handled,595
86,2026-09-07T10:26:38Z,INFO,api-2,request handled,602
87,2026-09-08T10:27:51Z,INFO,api-3,request handled,609
88,2026-09-01T10:28:04Z,INFO,api-4,request handled,616
89,2026-09-02T10:29:17Z,INFO,api-5,request handled,623
90,2026-09-03T10:30:30Z,INFO,api-6,request handled,630
91,2026-09-04T10:31:43Z,INFO,api-7,request handled,637
92,2026-09-05T10:32:56Z,INFO,api-8,request handled,644
93,2026-09-06T10:33:09Z,INFO,api-9,request handled,651
94,2026-09-07T10:34:22Z,INFO,api-10,request handled,658
95,2026-09-08T10:35:35Z,INFO,api-11,request handled,665
96,2026-09-01T10:36:48Z,INFO,api-0,request handled,672
97,2026-09-02T10:37:01Z,WARN,api-1,request handled,679
98,2026-09-03T10:38:14Z,INFO,api-2,request handled,686
99,2026-09-04T10:39:27Z,INFO,api-3,request handled,693
100,2026-09-05T10:40:40Z,INFO,api-4,request handled,700
101,2026-09-06T10:41:53Z,INFO,api-5,request handled,707
102,2026-09-07T10:42:06Z,INFO,api-6,request handled,714
103,2026-09-08T10:43:19Z,INFO,api-7,request handled,721
104,2026-09-01T10:44:32Z,INFO,api-8,request handled,728
105,2026-09-02T10:45:45Z,INFO,api-9,request handled,735
106,2026-09-03T10:46:58Z,INFO,api-10,request handled,742
107,2026-09-04T10:47:11Z,INFO,api-11,request handled,749
108,2026-09-05T10:48:24Z,INFO,api-0,request handled,756
109,2026-09-06T10:49:37Z,INFO,api-1,request handled,763
110,2026-09-07T10:50:50Z,INFO,api-2,request handled,770
111,2026-09-08T10:51:03Z,INFO,api-3,request handled,777
112,2026-09-01T10:52:16Z,INFO,api-4,request handled,784
113,2026-09-02T10:53:29Z,INFO,api-5,request handled,791
114,2026-09-03T10:54:42Z,INFO,api-6,request handled,798
115,2026-09-04T10:55:55Z,INFO,api-7,request handled,805
116,2026-09-05T10:56:08Z,INFO,api-8,request handled,812
117,2026-09-06T10:57:21Z,INFO,api-9,request handled,819
118,2026-09-07T10:58:34Z,INFO,api-10,request handled,826
119,2026-09-08T10:59:47Z,INFO,api-11,request handled,833
120,2026-09-01T10:00:00Z,INFO,api-0,request handled,840
121,2026-09-02T10:01:13Z,INFO,api-1,request handled,847
122,2026-09-03T10:02:26Z,INFO,api-2,request handled,854
123,2026-09-04T10:03:39Z,INFO,api-3,request handled,861
124,2026-09-05T10:04:52Z,INFO,api-4,request handled,868
125,2026-09-06T10:05:05Z,INFO,api-5,request handled,875
126,2026-09-07T10:06:18Z,INFO,api-6,request handled,882
127,2026-09-08T10:07:31Z,INFO,api-7,request handled,889
128,2026-09-01T10:08:44Z,INFO,api-8,request handled,896
129,2026-09-02T10:09:57Z,INFO,api-9,request handled,3
130,2026-09-03T10:10:10Z,INFO,api-10,request handled,10
131,2026-09-04T10:11:23Z,INFO,api-11,request handled,17
132,2026-09-05T10:12:36Z,INFO,api-0,request handled,24
133,2026-09-06T10:13:49Z,INFO,api-1,request handled,31
134,2026-09-07T10:14:02Z,INFO,api-2,request handled,38
135,2026-09-08T10:15:15Z,INFO,api-3,request handled,45
136,2026-09-01T10:16:28Z,INFO,api-4,request handled,52
137,2026-09-02T10:17:41Z,INFO,api-5,request handled,59
138,2026-09-03T10:18:54Z,INFO,api-6,request handled,66
139,2026-09-04T10:19:07Z,INFO,api-7,request handled,73
140,2026-09-05T10:20:20Z,INFO,api-8,request handled,80
141,2026-09-06T10:21:33Z,INFO,api-9,request handled,87
142,2026-09-07T10:22:46Z,INFO,api-10,request handled,94
143,2026-09-08T10:23:59Z,INFO,api-11,request handled,101
144,2026-09-01T10:24:12Z,INFO,api-0,request handled,108
145,2026-09-02T10:25:25Z,INFO,api-1,request handled,115
146,2026-09-03T10:26:38Z,INFO,api-2,request handled,122
147,2026-09-04T10:27:51Z,INFO,api-3,request handled,129
148,2026-09-05T10:28:04Z,INFO,api-4,request handled,136
149,2026-09-06T10:29:17Z,INFO,api-5,request handled,143
150,2026-09-07T10:30:30Z,INFO,api-6,request handled,150
151,2026-09-08T10:31:43Z,INFO,api-7,request handled,157
152,2026-09-01T10:32:56Z,INFO,api-8,request handled,164
153,2026-09-02T10:33:09Z,INFO,api-9,request handled,171
154,2026-09-03T10:34:22Z,INFO,api-10,request handled,178
155,2026-09-04T10:35:35Z,INFO,api-11,request handled,185
156,2026-09-05T10:36:48Z,INFO,api-0,request handled,192
157,2026-09-06T10:37:01Z,INFO,api-1,request handled,199
158,2026-09-07T10:38:14Z,INFO,api-2,request handled,206
159,2026-09-08T10:39:27Z,INFO,api-3,request handled,213
160,2026-09-01T10:40:40Z,INFO,api-4,request handled,220
161,2026-09-02T10:41:53Z,INFO,api-5,request handled,227
162,2026-09-03T10:42:06Z,INFO,api-6,request handled,234
163,2026-09-04T10:43:19Z,INFO,api-7,request handled,241
164,2026-09-05T10:44:32Z,INFO,api-8,request handled,248
165,2026-09-06T10:45:45Z,INFO,api-9,request handled,255
166,2026-09-07T10:46:58Z,INFO,api-10,request handled,262
167,2026-09-08T10:47:11Z,INFO,api-11,request handled,269
168,2026-09-01T10:48:24Z,INFO,api-0,request handled,276
169,2026-09-02T10:49:37Z,INFO,api-1,request handled,283
170,2026-09-03T10:50:50Z,INFO,api-2,request handled,290
171,2026-09-04T10:51:03Z,INFO,api-3,request handled,297
172,2026-09-05T10:52:16Z,INFO,api-4,request handled,304
173,2026-09-06T10:53:29Z,INFO,api-5,request handled,311
174,2026-09-07T10:54:42Z,INFO,api-6,request handled,318
175,2026-09-08T10:55:55Z,INFO,api-7,request handled,325
176,2026-09-01T10:56:08Z,INFO,api-8,request handled,332
177,2026-09-02T10:57:21Z,INFO,api-9,request handled,339
178,2026-09-03T10:58:34Z,INFO,api-10,request handled,346
179,2026-09-04T10:59:47Z,INFO,api-11,request handled,353
180,2026-09-05T10:00:00Z,INFO,api-0,request handled,360
181,2026-09-06T10:01:13Z,INFO,api-1,request handled,367
182,2026-09-07T10:02:26Z,INFO,api-2,request handled,374
183,2026-09-08T10:03:39Z,INFO,api-3,request handled,381
184,2026-09-01T10:04:52Z,INFO,api-4,request handled,388
185,2026-09-02T10:05:05Z,INFO,api-5,request handled,395
186,2026-09-03T10:06:18Z,INFO,api-6,request handled,402
187,2026-09-04T10:07:31Z,INFO,api-7,request handled,409
188,2026-09-05T10:08:44Z,INFO,api-8,request handled,416
189,2026-09-06T10:09:57Z,INFO,api-9,request handled,423
190,2026-09-07T10:10:10Z,INFO,api-10,request handled,430
191,2026-09-08T10:11:23Z,INFO,api-11,request handled,437
192,2026-09-01T10:12:36Z,INFO,api-0,request handled,444
193,2026-09-02T10:13:49Z,INFO,api-1,request handled,451
194,2026-09-03T10:14:02Z,WARN,api-2,request handled,458
195,2026-09-04T10:15:15Z,INFO,api-3,request handled,465
196,2026-09-05T10:16:28Z,INFO,api-4,request handled,472
197,2026-09-06T10:17:41Z,INFO,api-5,request handled,479
198,2026-09-07T10:18:54Z,INFO,api-6,request handled,486
199,2026-09-08T10:19:07Z,INFO,api-7,request handled,493
200,2026-09-01T10:20:20Z,INFO,api-8,request handled,500
201,2026-09-02T10:21:33Z,INFO,api-9,request handled,507
202,2026-09-03T10:22:46Z,INFO,api-10,request handled,514
203,2026-09-04T10:23:59Z,INFO,api-11,request handled,521
204,2026-09-05T10:24:12Z,INFO,api-0,request handled,528
205,2026-09-06T10:25:25Z,INFO,api-1,request handled,535
206,2026-09-07T10:26:38Z,INFO,api-2,request handled,542
207,2026-09-08T10:27:51Z,INFO,api-3,request handled,549
208,2026-09-01T10:28:04Z,INFO,api-4,request handled,556
209,2026-09-02T10:29:17Z,INFO,api-5,request handled,563
210,2026-09-03T10:30:30Z,INFO,api-6,request handled,570
211,2026-09-04T10:31:43Z,INFO,api-7,request handled,577
212,2026-09-05T10:32:56Z,INFO,api-8,request handled,584
213,2026-09-06T10:33:09Z,INFO,api-9,request handled,591
214,2026-09-07T10:34:22Z,INFO,api-10,request handled,598
215,2026-09-08T10:35:35Z,INFO,api-11,request handled,605
216,2026-09-01T10:36:48Z,INFO,api-0,request handled,612
217,2026-09-02T10:37:01Z,INFO,api-1,request handled,619
218,2026-09-03T10:38:14Z,INFO,api-2,request handled,626
219,2026-09-04T10:39:27Z,INFO,api-3,request handled,633
220,2026-09-05T10:40:40Z,INFO,api-4,request handled,640
221,2026-09-06T10:41:53Z,INFO,api-5,request handled,647
222,2026-09-07T10:42:06Z,INFO,api-6,request handled,654
223,2026-09-08T10:43:19Z,INFO,api-7,request handled,661
224,2026-09-01T10:44:32Z,INFO,api-8,request handled,668
225,2026-09-02T10:45:45Z,INFO,api-9,request handled,675
226,2026-09-03T10:46:58Z,INFO,api-10,request handled,682
227,2026-09-04T10:47:11Z,INFO,api-11,request handled,689
228,2026-09-05T10:48:24Z,INFO,api-0,request handled,696
229,2026-09-06T10:49:37Z,INFO,api-1,request handled,703
230,2026-09-07T10:50:50Z,INFO,api-2,request handled,710
231,2026-09-08T10:51:03Z,INFO,api-3,request handled,717
232,2026-09-01T10:52:16Z,INFO,api-4,request handled,724
233,2026-09-02T10:53:29Z,INFO,api-5,request handled,731
234,2026-09-03T10:54:42Z,INFO,api-6,request handled,738
235,2026-09-04T10:55:55Z,INFO,api-7,request handled,745
236,2026-09-05T10:56:08Z,INFO,api-8,request handled,752
237,2026-09-06T10:57:21Z,INFO,api-9,request handled,759
238,2026-09-07T10:58:34Z,INFO,api-10,request handled,766
239,2026-09-08T10:59:47Z,INFO,api-11,request handled,773
240,2026-09-01T10:00:00Z,INFO,api-0,request handled,780
241,2026-09-02T10:01:13Z,INFO,api-1,request handled,787
242,2026-09-03T10:02:26Z,INFO,api-2,request handled,794
243,2026-09-04T10:03:39Z,INFO,api-3,request handled,801
244,2026-09-05T10:04:52Z,INFO,api-4,request handled,808
245,2026-09-06T10:05:05Z,INFO,api-5,request handled,815
246,2026-09-07T10:06:18Z,INFO,api-6,request handled,822
247,2026-09-08T10:07:31Z,INFO,api-7,request handled,829
248,2026-09-01T10:08:44Z,INFO,api-8,request handled,836
249,2026-09-02T10:09:57Z,INFO,api-9,request handled,843
250,2026-09-03T10:10:10Z,INFO,api-10,request handled,850
251,2026-09-04T10:11:23Z,INFO,api-11,request handled,857
252,2026-09-05T10:12:36Z,INFO,api-0,request handled,864
253,2026-09-06T10:13:49Z,INFO,api-1,request handled,871
254,2026-09-07T10:14:02Z,INFO,api-2,request handled,878
255,2026-09-08T10:15:15Z,INFO,api-3,request handled,885
256,2026-09-01T10:16:28Z,INFO,api-4,request handled,892
257,2026-09-02T10:17:41Z,INFO,api-5,request handled,899
258,2026-09-03T10:18:54Z,INFO,api-6,request handled,6
259,2026-09-04T10:19:07Z,INFO,api-7,request handled,13
260,2026-09-05T10:20:20Z,INFO,api-8,request handled,20
261,2026-09-06T10:21:33Z,INFO,api-9,request handled,27
262,2026-09-07T10:22:46Z,INFO,api-10,request handled,34
263,2026-09-08T10:23:59Z,INFO,api-11,request handled,41
264,2026-09-01T10:24:12Z,INFO,api-0,request handled,48
265,2026-09-02T10:25:25Z,INFO,api-1,request handled,55
266,2026-09-03T10:26:38Z,INFO,api-2,request handled,62
267,2026-09-04T10:27:51Z,INFO,api-3,request handled,69
268,2026-09-05T10:28:04Z,INFO,api-4,request handled,76
269,2026-09-06T10:29:17Z,INFO,api-5,request handled,83
270,2026-09-07T10:30:30Z,INFO,api-6,request handled,90
271,2026-09-08T10:31:43Z,INFO,api-7,request handled,97
272,2026-09-01T10:32:56Z,INFO,api-8,request handled,104
273,2026-09-02T10:33:09Z,INFO,api-9,request handled,111
274,2026-09-03T10:34:22Z,INFO,api-10,request handled,118
275,2026-09-04T10:35:35Z,INFO,api-11,request handled,125
276,2026-09-05T10:36:48Z,INFO,api-0,request handled,132
277,2026-09-06T10:37:01Z,INFO,api-1,request handled,139
278,2026-09-07T10:38:14Z,INFO,api-2,request handled,146
279,2026-09-08T10:39:27Z,INFO,api-3,request handled,153
280,2026-09-01T10:40:40Z,INFO,api-4,request handled,160
281,2026-09-02T10:41:53Z,INFO,api-5,request handled,167
282,2026-09-03T10:42:06Z,INFO,api-6,request handled,174
283,2026-09-04T10:43:19Z,INFO,api-7,request handled,181
284,2026-09-05T10:44:32Z,INFO,api-8,request handled,188
285,2026-09-06T10:45:45Z,INFO,api-9,request handled,195
286,2026-09-07T10:46:58Z,INFO,api-10,request handled,202
287,2026-09-08T10:47:11Z,INFO,api-11,request handled,209
288,2026-09-01T10:48:24Z,INFO,api-0,request handled,216
289,2026-09-02T10:49:37Z,INFO,api-1,request handled,223
290,2026-09-03T10:50:50Z,INFO,api-2,request handled,230
291,2026-09-04T10:51:03Z,WARN,api-3,request handled,237
292,2026-09-05T10:52:16Z,INFO,api-4,request handled,244
293,2026-09-06T10:53:29Z,INFO,api-5,request handled,251
294,2026-09-07T10:54:42Z,INFO,api-6,request handled,258
295,2026-09-08T10:55:55Z,INFO,api-7,request handled,265
296,2026-09-01T10:56:08Z,INFO,api-8,request handled,272
297,2026-09-02T10:57:21Z,INFO,api-9,request handled,279
298,2026-09-03T10:58:34Z,INFO,api-10,request handled,286
299,2026-09-04T10:59:47Z,INFO,api-11,request handled,293
300,2026-09-05T10:00:00Z,INFO,api-0,request handled,300
301,2026-09-06T10:01:13Z,INFO,api-1,request handled,307
302,2026-09-07T10:02:26Z,INFO,api-2,request handled,314
303,2026-09-08T10:03:39Z,INFO,api-3,request handled,321
304,2026-09-01T10:04:52Z,INFO,api-4,request handled,328
305,2026-09-02T10:05:05Z,INFO,api-5,request handled,335
306,2026-09-03T10:06:18Z,INFO,api-6,request handled,342
307,2026-09-04T10:07:31Z,INFO,api-7,request handled,349
308,2026-09-05T10:08:44Z,INFO,api-8,request handled,356
309,2026-09-06T10:09:57Z,INFO,api-9,request handled,363
310,2026-09-07T10:10:10Z,INFO,api-10,request handled,370
311,2026-09-08T10:11:23Z,INFO,api-11,request handled,377
312,2026-09-01T10:12:36Z,INFO,api-0,request handled,384
313,2026-09-02T10:13:49Z,INFO,api-1,request handled,391
314,2026-09-03T10:14:02Z,INFO,api-2,request handled,398
315,2026-09-04T10:15:15Z,INFO,api-3,request handled,405
316,2026-09-05T10:16:28Z,INFO,api-4,request handled,412
317,2026-09-06T10:17:41Z,INFO,api-5,request handled,419
318,2026-09-07T10:18:54Z,INFO,api-6,request handled,426
319,2026-09-08T10:19:07Z,INFO,api-7,request handled,433
320,2026-09-01T10:20:20Z,INFO,api-8,request handled,440
321,2026-09-02T10:21:33Z,INFO,api-9,request handled,447
322,2026-09-03T10:22:46Z,INFO,api-10,request handled,454
323,2026-09-04T10:23:59Z,INFO,api-11,request handled,461
324,2026-09-05T10:24:12Z,INFO,api-0,request handled,468
325,2026-09-06T10:25:25Z,INFO,api-1,request handled,475
326,2026-09-07T10:26:38Z,INFO,api-2,request handled,482
327,2026-09-08T10:27:51Z,INFO,api-3,request handled,489
328,2026-09-01T10:28:04Z,INFO,api-4,request handled,496
329,2026-09-02T10:29:17Z,INFO,api-5,request handled,503
330,2026-09-03T10:30:30Z,INFO,api-6,request handled,510
331,2026-09-04T10:31:43Z,INFO,api-7,request handled,517
332,2026-09-05T10:32:56Z,INFO,api-8,request handled,524
333,2026-09-06T10:33:09Z,INFO,api-9,request handled,531
334,2026-09-07T10:34:22Z,INFO,api-10,request handled,538
335,2026-09-08T10:35:35Z,INFO,api-11,request handled,545
336,2026-09-01T10:36:48Z,INFO,api-0,request handled,552
337,2026-09-02T10:37:01Z,INFO,api-1,request handled,559
338,2026-09-03T10:38:14Z,INFO,api-2,request handled,566
339,2026-09-04T10:39:27Z,INFO,api-3,request handled,573
340,2026-09-05T10:40:40Z,INFO,api-4,request handled,580
341,2026-09-06T10:41:53Z,INFO,api-5,request handled,587
342,2026-09-07T10:42:06Z,INFO,api-6,request handled,594
343,2026-09-08T10:43:19Z,INFO,api-7,request handled,601
344,2026-09-01T10:44:32Z,INFO,api-8,request handled,608
345,2026-09-02T10:45:45Z,INFO,api-9,request handled,615
346,2026-09-03T10:46:58Z,INFO,api-10,request handled,622
347,2026-09-04T10:47:11Z,INFO,api-11,request handled,629
348,2026-09-05T10:48:24Z,INFO,api-0,request handled,636
349,2026-09-06T10:49:37Z,INFO,api-1,request handled,643
350,2026-09-07T10:50:50Z,INFO,api-2,request handled,650
351,2026-09-08T10:51:03Z,INFO,api-3,request handled,657
352,2026-09-01T10:52:16Z,INFO,api-4,request handled,664
353,2026-09-02T10:53:29Z,INFO,api-5,request handled,671
354,2026-09-03T10:54:42Z,INFO,api-6,request handled,678
355,2026-09-04T10:55:55Z,INFO,api-7,request handled,685
356,2026-09-05T10:56:08Z,INFO,api-8,request handled,692
357,2026-09-06T10:57:21Z,INFO,api-9,request handled,699
358,2026-09-07T10:58:34Z,INFO,api-10,request handled,706
359,2026-09-08T10:59:47Z,INFO,api-11,request handled,713
360,2026-09-01T10:00:00Z,INFO,api-0,request handled,720
361,2026-09-02T10:01:13Z,INFO,api-1,request handled,727
362,2026-09-03T10:02:26Z,INFO,api-2,request handled,734
363,2026-09-04T10:03:39Z,INFO,api-3,request handled,741
364,2026-09-05T10:04:52Z,INFO,api-4,request handled,748
365,2026-09-06T10:05:05Z,INFO,api-5,request handled,755
366,2026-09-07T10:06:18Z,INFO,api-6,request handled,762
367,2026-09-08T10:07:31Z,INFO,api-7,request handled,769
368,2026-09-01T10:08:44Z,INFO,api-8,request handled,776
369,2026-09-02T10:09:57Z,INFO,api-9,request handled,783
370,2026-09-03T10:10:10Z,INFO,api-10,request handled,790
371,2026-09-04T10:11:23Z,INFO,api-11,request handled,797
372,2026-09-05T10:12:36Z,INFO,api-0,request handled,804
373,2026-09-06T10:13:49Z,INFO,api-1,request handled,811
374,2026-09-07T10:14:02Z,INFO,api-2,request handled,818
375,2026-09-08T10:15:15Z,INFO,api-3,request handled,825
376,2026-09-01T10:16:28Z,INFO,api-4,request handled,832
377,2026-09-02T10:17:41Z,INFO,api-5,request handled,839
378,2026-09-03T10:18:54Z,INFO,api-6,request handled,846
379,2026-09-04T10:19:07Z,INFO,api-7,request handled,853
380,2026-09-05T10:20:20Z,INFO,api-8,request handled,860
381,2026-09-06T10:21:33Z,INFO,api-9,request handled,867
382,2026-09-07T10:22:46Z,INFO,api-10,request handled,874
383,2026-09-08T10:23:59Z,INFO,api-11,request handled,881
384,2026-09-01T10:24:12Z,INFO,api-0,request handled,888
385,2026-09-02T10:25:25Z,INFO,api-1,request handled,895
386,2026-09-03T10:26:38Z,INFO,api-2,request handled,2
387,2026-09-04T10:27:51Z,INFO,api-3,request handled,9
388,2026-09-05T10:28:04Z,WARN,api-4,request handled,16
389,2026-09-06T10:29:17Z,INFO,api-5,request handled,23
390,2026-09-07T10:30:30Z,INFO,api-6,request handled,30
391,2026-09-08T10:31:43Z,INFO,api-7,request handled,37
392,2026-09-01T10:32:56Z,INFO,api-8,request handled,44
393,2026-09-02T10:33:09Z,INFO,api-9,request handled,51
394,2026-09-03T10:34:22Z,INFO,api-10,request handled,58
395,2026-09-04T10:35:35Z,INFO,api-11,request handled,65
396,2026-09-05T10:36:48Z,INFO,api-0,request handled,72
397,2026-09-06T10:37:01Z,INFO,api-1,request handled,79
398,2026-09-07T10:38:14Z,INFO,api-2,request handled,86
399,2026-09-08T10:39:27Z,INFO,api-3,request handled,93
400,2026-09-01T10:40:40Z,INFO,api-4,request handled,100
401,2026-09-02T10:41:53Z,INFO,api-5,request handled,107
402,2026-09-03T10:42:06Z,INFO,api-6,request handled,114
403,2026-09-04T10:43:19Z,INFO,api-7,request handled,121
404,2026-09-05T10:44:32Z,INFO,api-8,request handled,128
405,2026-09-06T10:45:45Z,INFO,api-9,request handled,135
406,2026-09-07T10:46:58Z,INFO,api-10,request handled,142
407,2026-09-08T10:47:11Z,INFO,api-11,request handled,149
408,2026-09-01T10:48:24Z,INFO,api-0,request handled,156
409,2026-09-02T10:49:37Z,INFO,api-1,request handled,163
410,2026-09-03T10:50:50Z,INFO,api-2,request handled,170
411,2026-09-04T10:51:03Z,INFO,api-3,request handled,177
412,2026-09-05T10:52:16Z,INFO,api-4,request handled,184
413,2026-09-06T10:53:29Z,INFO,api-5,request handled,191
414,2026-09-07T10:54:42Z,INFO,api-6,request handled,198
415,2026-09-08T10:55:55Z,INFO,api-7,request handled,205
416,2026-09-01T10:56:08Z,INFO,api-8,request handled,212
417,2026-09-02T10:57:21Z,INFO,api-9,request handled,219
418,2026-09-03T10:58:34Z,INFO,api-10,request handled,226
419,2026-09-04T10:59:47Z,INFO,api-11,request handled,233
420,2026-09-05T10:00:00Z,INFO,api-0,request handled,240
421,2026-09-06T10:01:13Z,INFO,api-1,request handled,247
422,2026-09-07T10:02:26Z,INFO,api-2,request handled,254
423,2026-09-08T10:03:39Z,INFO,api-3,request handled,261
424,2026-09-01T10:04:52Z,INFO,api-4,request handled,268
425,2026-09-02T10:05:05Z,INFO,api-5,request handled,275
426,2026-09-03T10:06:18Z,INFO,api-6,request handled,282
427,2026-09-04T10:07:31Z,INFO,api-7,request handled,289
428,2026-09-05T10:08:44Z,INFO,api-8,request handled,296
429,2026-09-06T10:09:57Z,INFO,api-9,request handled,303
430,2026-09-07T10:10:10Z,INFO,api-10,request handled,310
431,2026-09-08T10:11:23Z,INFO,api-11,request handled,317
432,2026-09-01T10:12:36Z,INFO,api-0,request handled,324
433,2026-09-02T10:13:49Z,INFO,api-1,request handled,331
434,2026-09-03T10:14:02Z,INFO,api-2,request handled,338
435,2026-09-04T10:15:15Z,INFO,api-3,request handled,345
436,2026-09-05T10:16:28Z,INFO,api-4,request handled,352
437,2026-09-06T10:17:41Z,INFO,api-5,request handled,359
438,2026-09-07T10:18:54Z,INFO,api-6,request handled,366
439,2026-09-08T10:19:07Z,INFO,api-7,request handled,373
440,2026-09-01T10:20:20Z,INFO,api-8,request handled,380
441,2026-09-02T10:21:33Z,INFO,api-9,request handled,387
442,2026-09-03T10:22:46Z,INFO,api-10,request handled,394
443,2026-09-04T10:23:59Z,INFO,api-11,request handled,401
444,2026-09-05T10:24:12Z,INFO,api-0,request handled,408
445,2026-09-06T10:25:25Z,INFO,api-1,request handled,415
446,2026-09-07T10:26:38Z,INFO,api-2,request handled,422
447,2026-09-08T10:27:51Z,INFO,api-3,request handled,429
448,2026-09-01T10:28:04Z,INFO,api-4,request handled,436
449,2026-09-02T10:29:17Z,INFO,api-5,request handled,443
450,2026-09-03T10:30:30Z,INFO,api-6,request handled,450
451,2026-09-04T10:31:43Z,INFO,api-7,request handled,457
452,2026-09-05T10:32:56Z,INFO,api-8,request handled,464
453,2026-09-06T10:33:09Z,INFO,api-9,request handled,471
454,2026-09-07T10:34:22Z,INFO,api-10,request handled,478
455,2026-09-08T10:35:35Z,INFO,api-11,request handled,485
456,2026-09-01T10:36:48Z,INFO,api-0,request handled,492
457,2026-09-02T10:37:01Z,INFO,api-1,request handled,499
458,2026-09-03T10:38:14Z,INFO,api-2,request handled,506
459,2026-09-04T10:39:27Z,INFO,api-3,request handled,513
460,2026-09-05T10:40:40Z,INFO,api-4,request handled,520
461,2026-09-06T10:41:53Z,INFO,api-5,request handled,527
462,2026-09-07T10:42:06Z,INFO,api-6,request handled,534
463,2026-09-08T10:43:19Z,INFO,api-7,request handled,541
464,2026-09-01T10:44:32Z,INFO,api-8,request handled,548
465,2026-09-02T10:45:45Z,INFO,api-9,request handled,555
466,2026-09-03T10:46:58Z,INFO,api-10,request handled,562
467,2026-09-04T10:47:11Z,INFO,api-11,request handled,569
468,2026-09-05T10:48:24Z,INFO,api-0,request handled,576
469,2026-09-06T10:49:37Z,INFO,api-1,request handled,583
470,2026-09-07T10:50:50Z,INFO,api-2,request handled,590
471,2026-09-08T10:51:03Z,INFO,api-3,request handled,597
472,2026-09-01T10:52:16Z,INFO,api-4,request handled,604
473,2026-09-02T10:53:29Z,INFO,api-5,request handled,611
474,2026-09-03T10:54:42Z,INFO,api-6,request handled,618
475,2026-09-04T10:55:55Z,INFO,api-7,request handled,625
476,2026-09-05T10:56:08Z,INFO,api-8,request handled,632
477,2026-09-06T10:57:21Z,INFO,api-9,request handled,639
478,2026-09-07T10:58:34Z,INFO,api-10,request handled,646
479,2026-09-08T10:59:47Z,INFO,api-11,request handled,653
480,2026-09-01T10:00:00Z,INFO,api-0,request handled,660
481,2026-09-02T10:01:13Z,INFO,api-1,request handled,667
482,2026-09-03T10:02:26Z,INFO,api-2,request handled,674
483,2026-09-04T10:03:39Z,INFO,api-3,request handled,681
484,2026-09-05T10:04:52Z,INFO,api-4,request handled,688
485,2026-09-06T10:05:05Z,WARN,api-5,request handled,695
486,2026-09-07T10:06:18Z,INFO,api-6,request handled,702
487,2026-09-08T10:07:31Z,INFO,api-7,request handled,709
488,2026-09-01T10:08:44Z,INFO,api-8,request handled,716
489,2026-09-02T10:09:57Z,INFO,api-9,request handled,723
490,2026-09-03T10:10:10Z,INFO,api-10,request handled,730
491,2026-09-04T10:11:23Z,INFO,api-11,request handled,737
492,2026-09-05T10:12:36Z,INFO,api-0,request handled,744
493,2026-09-06T10:13:49Z,INFO,api-1,request handled,751
494,2026-09-07T10:14:02Z,INFO,api-2,request handled,758
495,2026-09-08T10:15:15Z,INFO,api-3,request handled,765
496,2026-09-01T10:16:28Z,INFO,api-4,request handled,772
497,2026-09-02T10:17:41Z,INFO,api-5,request handled,779
498,2026-09-03T10:18:54Z,INFO,api-6,request handled,786
499,2026-09-04T10:19:07Z,INFO,api-7,request handled,793
500,2026-09-05T10:20:20Z,ERROR,api-8,request handled,800
501,2026-09-06T10:21:33Z,INFO,api-9,request handled,807
502,2026-09-07T10:22:46Z,INFO,api-10,request handled,814
503,2026-09-08T10:23:59Z,INFO,api-11,request handled,821
504,2026-09-01T10:24:12Z,INFO,api-0,request handled,828
505,2026-09-02T10:25:25Z,INFO,api-1,request handled,835
506,2026-09-03T10:26:38Z,INFO,api-2,request handled,842
507,2026-09-04T10:27:51Z,INFO,api-3,request handled,849
508,2026-09-05T10:28:04Z,INFO,api-4,request handled,856
509,2026-09-06T10:29:17Z,INFO,api-5,request handled,863
510,2026-09-07T10:30:30Z,INFO,api-6,request handled,870
511,2026-09-08T10:31:43Z,INFO,api-7,request handled,877
512,2026-09-01T10:32:56Z,INFO,api-8,request handled,884
513,2026-09-02T10:33:09Z,INFO,api-9,request handled,891
514,2026-09-03T10:34:22Z,INFO,api-10,request handled,898
515,2026-09-04T10:35:35Z,INFO,api-11,request handled,5
516,2026-09-05T10:36:48Z,INFO,api-0,request handled,12
517,2026-09-06T10:37:01Z,INFO,api-1,request handled,19
518,2026-09-07T10:38:14Z,INFO,api-2,request handled,26
519,2026-09-08T10:39:27Z,INFO,api-3,request handled,33
520,2026-09-01T10:40:40Z,INFO,api-4,request handled,40
521,2026-09-02T10:41:53Z,INFO,api-5,request handled,47
522,2026-09-03T10:42:06Z,INFO,api-6,request handled,54
523,2026-09-04T10:43:19Z,INFO,api-7,request handled,61
524,2026-09-05T10:44:32Z,INFO,api-8,request handled,68
525,2026-09-06T10:45:45Z,INFO,api-9,request handled,75
526,2026-09-07T10:46:58Z,INFO,api-10,request handled,82
527,2026-09-08T10:47:11Z,INFO,api-11,request handled,89
528,2026-09-01T10:48:24Z,INFO,api-0,request handled,96
529,2026-09-02T10:49:37Z,INFO,api-1,request handled,103
530,2026-09-03T10:50:50Z,INFO,api-2,request handled,110
531,2026-09-04T10:51:03Z,INFO,api-3,request handled,117
532,2026-09-05T10:52:16Z,INFO,api-4,request handled,124
533,2026-09-06T10:53:29Z,INFO,api-5,request handled,131
534,2026-09-07T10:54:42Z,INFO,api-6,request handled,138
535,2026-09-08T10:55:55Z,INFO,api-7,request handled,145
536,2026-09-01T10:56:08Z,INFO,api-8,request handled,152
537,2026-09-02T10:57:21Z,INFO,api-9,request handled,159
538,2026-09-03T10:58:34Z,INFO,api-10,request handled,166
539,2026-09-04T10:59:47Z,INFO,api-11,request handled,173
540,2026-09-05T10:00:00Z,INFO,api-0,request handled,180
541,2026-09-06T10:01:13Z,INFO,api-1,request handled,187
542,2026-09-07T10:02:26Z,INFO,api-2,request handled,194
543,2026-09-08T10:03:39Z,INFO,api-3,request handled,201
544,2026-09-01T10:04:52Z,INFO,api-4,request handled,208
545,2026-09-02T10:05:05Z,INFO,api-5,request handled,215
546,2026-09-03T10:06:18Z,INFO,api-6,request handled,222
547,2026-09-04T10:07:31Z,INFO,api-7,request handled,229
548,2026-09-05T10:08:44Z,INFO,api-8,request handled,236
549,2026-09-06T10:09:57Z,INFO,api-9,request handled,243
550,2026-09-07T10:10:10Z,INFO,api-10,request handled,250
551,2026-09-08T10:11:23Z,INFO,api-11,request handled,257
552,2026-09-01T10:12:36Z,INFO,api-0,request handled,264
553,2026-09-02T10:13:49Z,INFO,api-1,request handled,271
554,2026-09-03T10:14:02Z,INFO,api-2,request handled,278
555,2026-09-04T10:15:15Z,INFO,api-3,request handled,285
556,2026-09-05T10:16:28Z,INFO,api-4,request handled,292
557,2026-09-06T10:17:41Z,INFO,api-5,request handled,299
558,2026-09-07T10:18:54Z,INFO,api-6,request handled,306
559,2026-09-08T10:19:07Z,INFO,api-7,request handled,313
560,2026-09-01T10:20:20Z,INFO,api-8,request handled,320
561,2026-09-02T10:21:33Z,INFO,api-9,request handled,327
562,2026-09-03T10:22:46Z,INFO,api-10,request handled,334
563,2026-09-04T10:23:59Z,INFO,api-11,request handled,341
564,2026-09-05T10:24:12Z,INFO,api-0,request handled,348
565,2026-09-06T10:25:25Z,INFO,api-1,request handled,355
566,2026-09-07T10:26:38Z,INFO,api-2,request handled,362
567,2026-09-08T10:27:51Z,INFO,api-3,request handled,369
568,2026-09-01T10:28:04Z,INFO,api-4,request handled,376
569,2026-09-02T10:29:17Z,INFO,api-5,request handled,383
570,2026-09-03T10:30:30Z,INFO,api-6,request handled,390
571,2026-09-04T10:31:43Z,INFO,api-7,request handled,397
572,2026-09-05T10:32:56Z,INFO,api-8,request handled,404
573,2026-09-06T10:33:09Z,INFO,api-9,request handled,411
574,2026-09-07T10:34:22Z,INFO,api-10,request handled,418
575,2026-09-08T10:35:35Z,INFO,api-11,request handled,425
576,2026-09-01T10:36:48Z,INFO,api-0,request handled,432
577,2026-09-02T10:37:01Z,INFO,api-1,request handled,439
578,2026-09-03T10:38:14Z,INFO,api-2,request handled,446
579,2026-09-04T10:39:27Z,INFO,api-3,request handled,453
580,2026-09-05T10:40:40Z,INFO,api-4,request handled,460
581,2026-09-06T10:41:53Z,INFO,api-5,request handled,467
582,2026-09-07T10:42:06Z,WARN,api-6,request handled,474
583,2026-09-08T10:43:19Z,INFO,api-7,request handled,481
584,2026-09-01T10:44:32Z,INFO,api-8,request handled,488
585,2026-09-02T10:45:45Z,INFO,api-9,request handled,495
586,2026-09-03T10:46:58Z,INFO,api-10,request handled,502
587,2026-09-04T10:47:11Z,INFO,api-11,request handled,509
588,2026-09-05T10:48:24Z,INFO,api-0,request handled,516
589,2026-09-06T10:49:37Z,INFO,api-1,request handled,523
590,2026-09-07T10:50:50Z,INFO,api-2,request handled,530
591,2026-09-08T10:51:03Z,INFO,api-3,request handled,537
592,2026-09-01T10:52:16Z,INFO,api-4,request handled,544
593,2026-09-02T10:53:29Z,INFO,api-5,request handled,551
594,2026-09-03T10:54:42Z,INFO,api-6,request handled,558
595,2026-09-04T10:55:55Z,INFO,api-7,request handled,565
596,2026-09-05T10:56:08Z,INFO,api-8,request handled,572
597,2026-09-06T10:57:21Z,INFO,api-9,request handled,579
598,2026-09-07T10:58:34Z,INFO,api-10,request handled,586
599,2026-09-08T10:59:47Z,INFO,api-11,request handled,593
600,2026-09-01T10:00:00Z,INFO,api-0,request handled,600
601,2026-09-02T10:01:13Z,INFO,api-1,request handled,607
602,2026-09-03T10:02:26Z,INFO,api-2,request handled,614
603,2026-09-04T10:03:39Z,INFO,api-3,request handled,621
604,2026-09-05T10:04:52Z,INFO,api-4,request handled,628
605,2026-09-06T10:05:05Z,INFO,api-5,request handled,635
606,2026-09-07T10:06:18Z,INFO,api-6,request handled,642
607,2026-09-08T10:07:31Z,INFO,api-7,request handled,649
608,2026-09-01T10:08:44Z,INFO,api-8,request handled,656
609,2026-09-02T10:09:57Z,INFO,api-9,request handled,663
610,2026-09-03T10:10:10Z,INFO,api-10,request handled,670
611,2026-09-04T10:11:23Z,INFO,api-11,request handled,677
612,2026-09-05T10:12:36Z,INFO,api-0,request handled,684
613,2026-09-06T10:13:49Z,INFO,api-1,request handled,691
614,2026-09-07T10:14:02Z,INFO,api-2,request handled,698
615,2026-09-08T10:15:15Z,INFO,api-3,request handled,705
616,2026-09-01T10:16:28Z,INFO,api-4,request handled,712
617,2026-09-02T10:17:41Z,INFO,api-5,request handled,719
618,2026-09-03T10:18:54Z,INFO,api-6,request handled,726
619,2026-09-04T10:19:07Z,INFO,api-7,request handled,733
620,2026-09-05T10:20:20Z,INFO,api-8,request handled,740
621,2026-09-06T10:21:33Z,INFO,api-9,request handled,747
622,2026-09-07T10:22:46Z,INFO,api-10,request handled,754
623,2026-09-08T10:23:59Z,INFO,api-11,request handled,761
624,2026-09-01T10:24:12Z,INFO,api-0,request handled,768
625,2026-09-02T10:25:25Z,INFO,api-1,request handled,775
626,2026-09-03T10:26:38Z,INFO,api-2,request handled,782
627,2026-09-04T10:27:51Z,INFO,api-3,request handled,789
628,2026-09-05T10:28:04Z,INFO,api-4,request handled,796
629,2026-09-06T10:29:17Z,INFO,api-5,request handled,803
630,2026-09-07T10:30:30Z,INFO,api-6,request handled,810
631,2026-09-08T10:31:43Z,INFO,api-7,request handled,817
632,2026-09-01T10:32:56Z,INFO,api-8,request handled,824
633,2026-09-02T10:33:09Z,INFO,api-9,request handled,831
634,2026-09-03T10:34:22Z,INFO,api-10,request handled,838
635,2026-09-04T10:35:35Z,INFO,api-11,request handled,845
636,2026-09-05T10:36:48Z,INFO,api-0,request handled,852
637,2026-09-06T10:37:01Z,INFO,api-1,request handled,859
638,2026-09-07T10:38:14Z,INFO,api-2,request handled,866
639,2026-09-08T10:39:27Z,INFO,api-3,request handled,873
640,2026-09-01T10:40:40Z,INFO,api-4,request handled,880
641,2026-09-02T10:41:53Z,INFO,api-5,request handled,887
642,2026-09-03T10:42:06Z,INFO,api-6,request handled,894
643,2026-09-04T10:43:19Z,INFO,api-7,request handled,1
644,2026-09-05T10:44:32Z,INFO,api-8,request handled,8
645,2026-09-06T10:45:45Z,INFO,api-9,request handled,15
646,2026-09-07T10:46:58Z,INFO,api-10,request handled,22
647,2026-09-08T10:47:11Z,INFO,api-11,request handled,29
648,2026-09-01T10:48:24Z,INFO,api-0,request handled,36
649,2026-09-02T10:49:37Z,INFO,api-1,request handled,43
650,2026-09-03T10:50:50Z,INFO,api-2,request handled,50
651,2026-09-04T10:51:03Z,INFO,api-3,request handled,57
652,2026-09-05T10:52:16Z,INFO,api-4,request handled,64
653,2026-09-06T10:53:29Z,INFO,api-5,request handled,71
654,2026-09-07T10:54:42Z,INFO,api-6,request handled,78
655,2026-09-08T10:55:55Z,INFO,api-7,request handled,85
656,2026-09-01T10:56:08Z,INFO,api-8,request handled,92
657,2026-09-02T10:57:21Z,INFO,api-9,request handled,99
658,2026-09-03T10:58:34Z,INFO,api-10,request handled,106
659,2026-09-04T10:59:47Z,INFO,api-11,request handled,113
660,2026-09-05T10:00:00Z,INFO,api-0,request handled,120
661,2026-09-06T10:01:13Z,INFO,api-1,request handled,127
662,2026-09-07T10:02:26Z,INFO,api-2,request handled,134
663,2026-09-08T10:03:39Z,INFO,api-3,request handled,141
664,2026-09-01T10:04:52Z,INFO,api-4,request handled,148
665,2026-09-02T10:05:05Z,INFO,api-5,request handled,155
666,2026-09-03T10:06:18Z,INFO,api-6,request handled,162
667,2026-09-04T10:07:31Z,INFO,api-7,request handled,169
668,2026-09-05T10:08:44Z,INFO,api-8,request handled,176
669,2026-09-06T10:09:57Z,INFO,api-9,request handled,183
670,2026-09-07T10:10:10Z,INFO,api-10,request handled,190
671,2026-09-08T10:11:23Z,INFO,api-11,request handled,197
672,2026-09-01T10:12:36Z,INFO,api-0,request handled,204
673,2026-09-02T10:13:49Z,INFO,api-1,request handled,211
674,2026-09-03T10:14:02Z,INFO,api-2,request handled,218
675,2026-09-04T10:15:15Z,INFO,api-3,request handled,225
676,2026-09-05T10:16:28Z,INFO,api-4,request handled,232
677,2026-09-06T10:17:41Z,INFO,api-5,request handled,239
678,2026-09-07T10:18:54Z,INFO,api-6,request handled,246
679,2026-09-08T10:19:07Z,WARN,api-7,request handled,253
680,2026-09-01T10:20:20Z,INFO,api-8,request handled,260
681,2026-09-02T10:21:33Z,INFO,api-9,request handled,267
682,2026-09-03T10:22:46Z,INFO,api-10,request handled,274
683,2026-09-04T10:23:59Z,INFO,api-11,request handled,281
684,2026-09-05T10:24:12Z,INFO,api-0,request handled,288
685,2026-09-06T10:25:25Z,INFO,api-1,request handled,295
686,2026-09-07T10:26:38Z,INFO,api-2,request handled,302
687,2026-09-08T10:27:51Z,INFO,api-3,request handled,309
688,2026-09-01T10:28:04Z,INFO,api-4,request handled,316
689,2026-09-02T10:29:17Z,INFO,api-5,request handled,323
690,2026-09-03T10:30:30Z,INFO,api-6,request handled,330
691,2026-09-04T10:31:43Z,INFO,api-7,request handled,337
692,2026-09-05T10:32:56Z,INFO,api-8,request handled,344
693,2026-09-06T10:33:09Z,INFO,api-9,request handled,351
694,2026-09-07T10:34:22Z,INFO,api-10,request handled,358
695,2026-09-08T10:35:35Z,INFO,api-11,request handled,365
696,2026-09-01T10:36:48Z,INFO,api-0,request handled,372
697,2026-09-02T10:37:01Z,INFO,api-1,request handled,379
698,2026-09-03T10:38:14Z,INFO,api-2,request handled,386
699,2026-09-04T10:39:27Z,INFO,api-3,request handled,393
700,2026-09-05T10:40:40Z,INFO,api-4,request handled,400
701,2026-09-06T10:41:53Z,INFO,api-5,request handled,407
702,2026-09-07T10:42:06Z,INFO,api-6,request handled,414
703,2026-09-08T10:43:19Z,INFO,api-7,request handled,421
704,2026-09-01T10:44:32Z,INFO,api-8,request handled,428
705,2026-09-02T10:45:45Z,INFO,api-9,request handled,435
706,2026-09-03T10:46:58Z,INFO,api-10,request handled,442
707,2026-09-04T10:47:11Z,INFO,api-11,request handled,449
708,2026-09-05T10:48:24Z,INFO,api-0,request handled,456
709,2026-09-06T10:49:37Z,INFO,api-1,request handled,463
710,2026-09-07T10:50:50Z,INFO,api-2,request handled,470
711,2026-09-08T10:51:03Z,INFO,api-3,request handled,477
712,2026-09-01T10:52:16Z,INFO,api-4,request handled,484
713,2026-09-02T10:53:29Z,INFO,api-5,request handled,491
714,2026-09-03T10:54:42Z,INFO,api-6,request handled,498
715,2026-09-04T10:55:55Z,INFO,api-7,request handled,505
716,2026-09-05T10:56:08Z,INFO,api-8,request handled,512
717,2026-09-06T10:57:21Z,INFO,api-9,request handled,519
718,2026-09-07T10:58:34Z,INFO,api-10,request handled,526
719,2026-09-08T10:59:47Z,INFO,api-11,request handled,533
720,2026-09-01T10:00:00Z,INFO,api-0,request handled,540
721,2026-09-02T10:01:13Z,INFO,api-1,request handled,547
722,2026-09-03T10:02:26Z,INFO,api-2,request handled,554
723,2026-09-04T10:03:39Z,INFO,api-3,request handled,561
724,2026-09-05T10:04:52Z,INFO,api-4,request handled,568
725,2026-09-06T10:05:05Z,INFO,api-5,request handled,575
726,2026-09-07T10:06:18Z,INFO,api-6,request handled,582
727,2026-09-08T10:07:31Z,INFO,api-7,request handled,589
728,2026-09-01T10:08:44Z,INFO,api-8,request handled,596
729,2026-09-02T10:09:57Z,INFO,api-9,request handled,603
730,2026-09-03T10:10:10Z,INFO,api-10,request handled,610
731,2026-09-04T10:11:23Z,INFO,api-11,request handled,617
732,2026-09-05T10:12:36Z,INFO,api-0,request handled,624
733,2026-09-06T10:13:49Z,INFO,api-1,request handled,631
734,2026-09-07T10:14:02Z,INFO,api-2,request handled,638
735,2026-09-08T10:15:15Z,INFO,api-3,request handled,645
736,2026-09-01T10:16:28Z,INFO,api-4,request handled,652
737,2026-09-02T10:17:41Z,INFO,api-5,request handled,659
738,2026-09-03T10:18:54Z,INFO,api-6,request handled,666
739,2026-09-04T10:19:07Z,INFO,api-7,request handled,673
740,2026-09-05T10:20:20Z,INFO,api-8,request handled,680
741,2026-09-06T10:21:33Z,INFO,api-9,request handled,687
742,2026-09-07T10:22:46Z,INFO,api-10,request handled,694
743,2026-09-08T10:23:59Z,INFO,api-11,request handled,701
744,2026-09-01T10:24:12Z,INFO,api-0,request handled,708
745,2026-09-02T10:25:25Z,INFO,api-1,request handled,715
746,2026-09-03T10:26:38Z,INFO,api-2,request handled,722
747,2026-09-04T10:27:51Z,INFO,api-3,request handled,729
748,2026-09-05T10:28:04Z,INFO,api-4,request handled,736
749,2026-09-06T10:29:17Z,INFO,api-5,request handled,743
750,2026-09-07T10:30:30Z,INFO,api-6,request handled,750
751,2026-09-08T10:31:43Z,INFO,api-7,request handled,757
752,2026-09-01T10:32:56Z,INFO,api-8,request handled,764
753,2026-09-02T10:33:09Z,INFO,api-9,request handled,771
754,2026-09-03T10:34:22Z,INFO,api-10,request handled,778
755,2026-09-04T10:35:35Z,INFO,api-11,request handled,785
756,2026-09-05T10:36:48Z,INFO,api-0,request handled,792
757,2026-09-06T10:37:01Z,INFO,api-1,request handled,799
758,2026-09-07T10:38:14Z,INFO,api-2,request handled,806
759,2026-09-08T10:39:27Z,INFO,api-3,request handled,813
760,2026-09-01T10:40:40Z,INFO,api-4,request handled,820
761,2026-09-02T10:41:53Z,INFO,api-5,request handled,827
762,2026-09-03T10:42:06Z,INFO,api-6,request handled,834
763,2026-09-04T10:43:19Z,INFO,api-7,request handled,841
764,2026-09-05T10:44:32Z,INFO,api-8,request handled,848
765,2026-09-06T10:45:45Z,INFO,api-9,request handled,855
766,2026-09-07T10:46:58Z,INFO,api-10,request handled,862
767,2026-09-08T10:47:11Z,INFO,api-11,request handled,869
768,2026-09-01T10:48:24Z,INFO,api-0,request handled,876
769,2026-09-02T10:49:37Z,INFO,api-1,request handled,883
770,2026-09-03T10:50:50Z,INFO,api-2,request handled,890
771,2026-09-04T10:51:03Z,INFO,api-3,request handled,897
772,2026-09-05T10:52:16Z,INFO,api-4,request handled,4
773,2026-09-06T10:53:29Z,INFO,api-5,request handled,11
774,2026-09-07T10:54:42Z,INFO,api-6,request handled,18
775,2026-09-08T10:55:55Z,INFO,api-7,request handled,25
776,2026-09-01T10:56:08Z,WARN,api-8,request handled,32
777,2026-09-02T10:57:21Z,INFO,api-9,request handled,39
778,2026-09-03T10:58:34Z,INFO,api-10,request handled,46
779,2026-09-04T10:59:47Z,INFO,api-11,request handled,53
780,2026-09-05T10:00:00Z,INFO,api-0,request handled,60
781,2026-09-06T10:01:13Z,INFO,api-1,request handled,67
782,2026-09-07T10:02:26Z,INFO,api-2,request handled,74
783,2026-09-08T10:03:39Z,INFO,api-3,request handled,81
784,2026-09-01T10:04:52Z,INFO,api-4,request handled,88
785,2026-09-02T10:05:05Z,INFO,api-5,request handled,95
786,2026-09-03T10:06:18Z,INFO,api-6,request handled,102
787,2026-09-04T10:07:31Z,INFO,api-7,request handled,109
788,2026-09-05T10:08:44Z,INFO,api-8,request handled,116
789,2026-09-06T10:09:57Z,INFO,api-9,request handled,123
790,2026-09-07T10:10:10Z,INFO,api-10,request handled,130
791,2026-09-08T10:11:23Z,INFO,api-11,request handled,137
792,2026-09-01T10:12:36Z,INFO,api-0,request handled,144
793,2026-09-02T10:13:49Z,INFO,api-1,request handled,151
794,2026-09-03T10:14:02Z,INFO,api-2,request handled,158
795,2026-09-04T10:15:15Z,INFO,api-3,request handled,165
796,2026-09-05T10:16:28Z,INFO,api-4,request handled,172
797,2026-09-06T10:17:41Z,INFO,api-5,request handled,179
798,2026-09-07T10:18:54Z,INFO,api-6,request handled,186
799,2026-09-08T10:19:07Z,INFO,api-7,request handled,193
800,2026-09-01T10:20:20Z,INFO,api-8,request handled,200
801,2026-09-02T10:21:33Z,INFO,api-9,request handled,207
802,2026-09-03T10:22:46Z,INFO,api-10,request handled,214
803,2026-09-04T10:23:59Z,INFO,api-11,request handled,221
804,2026-09-05T10:24:12Z,INFO,api-0,request handled,228
805,2026-09-06T10:25:25Z,INFO,api-1,request handled,235
806,2026-09-07T10:26:38Z,INFO,api-2,request handled,242
807,2026-09-08T10:27:51Z,INFO,api-3,request handled,249
808,2026-09-01T10:28:04Z,INFO,api-4,request handled,256
809,2026-09-02T10:29:17Z,INFO,api-5,request handled,263
810,2026-09-03T10:30:30Z,INFO,api-6,request handled,270
811,2026-09-04T10:31:43Z,INFO,api-7,request handled,277
812,2026-09-05T10:32:56Z,INFO,api-8,request handled,284
813,2026-09-06T10:33:09Z,INFO,api-9,request handled,291
814,2026-09-07T10:34:22Z,INFO,api-10,request handled,298
815,2026-09-08T10:35:35Z,INFO,api-11,request handled,305
816,2026-09-01T10:36:48Z,INFO,api-0,request handled,312
817,2026-09-02T10:37:01Z,INFO,api-1,request handled,319
818,2026-09-03T10:38:14Z,INFO,api-2,request handled,326
819,2026-09-04T10:39:27Z,INFO,api-3,request handled,333
820,2026-09-05T10:40:40Z,INFO,api-4,request handled,340
821,2026-09-06T10:41:53Z,INFO,api-5,request handled,347
822,2026-09-07T10:42:06Z,INFO,api-6,request handled,354
823,2026-09-08T10:43:19Z,INFO,api-7,request handled,361
824,2026-09-01T10:44:32Z,INFO,api-8,request handled,368
825,2026-09-02T10:45:45Z,INFO,api-9,request handled,375
826,2026-09-03T10:46:58Z,INFO,api-10,request handled,382
827,2026-09-04T10:47:11Z,INFO,api-11,request handled,389
828,2026-09-05T10:48:24Z,INFO,api-0,request handled,396
829,2026-09-06T10:49:37Z,INFO,api-1,request handled,403
830,2026-09-07T10:50:50Z,INFO,api-2,request handled,410
831,2026-09-08T10:51:03Z,INFO,api-3,request handled,417
832,2026-09-01T10:52:16Z,INFO,api-4,request handled,424
833,2026-09-02T10:53:29Z,INFO,api-5,request handled,431
834,2026-09-03T10:54:42Z,INFO,api-6,request handled,438
835,2026-09-04T10:55:55Z,INFO,api-7,request handled,445
836,2026-09-05T10:56:08Z,INFO,api-8,request handled,452
837,2026-09-06T10:57:21Z,INFO,api-9,request handled,459
838,2026-09-07T10:58:34Z,INFO,api-10,request handled,466
839,2026-09-08T10:59:47Z,INFO,api-11,request handled,473
840,2026-09-01T10:00:00Z,INFO,api-0,request handled,480
841,2026-09-02T10:01:13Z,INFO,api-1,request handled,487
842,2026-09-03T10:02:26Z,INFO,api-2,request handled,494
843,2026-09-04T10:03:39Z,INFO,api-3,request handled,501
844,2026-09-05T10:04:52Z,INFO,api-4,request handled,508
845,2026-09-06T10:05:05Z,INFO,api-5,request handled,515
846,2026-09-07T10:06:18Z,INFO,api-6,request handled,522
847,2026-09-08T10:07:31Z,INFO,api-7,request handled,529
848,2026-09-01T10:08:44Z,INFO,api-8,request handled,536
849,2026-09-02T10:09:57Z,INFO,api-9,request handled,543
850,2026-09-03T10:10:10Z,INFO,api-10,request handled,550
851,2026-09-04T10:11:23Z,INFO,api-11,request handled,557
852,2026-09-05T10:12:36Z,INFO,api-0,request handled,564
853,2026-09-06T10:13:49Z,INFO,api-1,request handled,571
854,2026-09-07T10:14:02Z,INFO,api-2,request handled,578
855,2026-09-08T10:15:15Z,INFO,api-3,request handled,585
856,2026-09-01T10:16:28Z,INFO,api-4,request handled,592
857,2026-09-02T10:17:41Z,INFO,api-5,request handled,599
858,2026-09-03T10:18:54Z,INFO,api-6,request handled,606
859,2026-09-04T10:19:07Z,INFO,api-7,request handled,613
860,2026-09-05T10:20:20Z,INFO,api-8,request handled,620
861,2026-09-06T10:21:33Z,INFO,api-9,request handled,627
862,2026-09-07T10:22:46Z,INFO,api-10,request handled,634
863,2026-09-08T10:23:59Z,INFO,api-11,request handled,641
864,2026-09-01T10:24:12Z,INFO,api-0,request handled,648
865,2026-09-02T10:25:25Z,INFO,api-1,request handled,655
866,2026-09-03T10:26:38Z,INFO,api-2,request handled,662
867,2026-09-04T10:27:51Z,INFO,api-3,request handled,669
868,2026-09-05T10:28:04Z,INFO,api-4,request handled,676
869,2026-09-06T10:29:17Z,INFO,api-5,request handled,683
870,2026-09-07T10:30:30Z,INFO,api-6,request handled,690
871,2026-09-08T10:31:43Z,INFO,api-7,request handled,697
872,2026-09-01T10:32:56Z,INFO,api-8,request handled,704
873,2026-09-02T10:33:09Z,WARN,api-9,request handled,711
874,2026-09-03T10:34:22Z,INFO,api-10,request handled,718
875,2026-09-04T10:35:35Z,INFO,api-11,request handled,725
876,2026-09-05T10:36:48Z,INFO,api-0,request handled,732
877,2026-09-06T10:37:01Z,INFO,api-1,request handled,739
878,2026-09-07T10:38:14Z,INFO,api-2,request handled,746
879,2026-09-08T10:39:27Z,INFO,api-3,request handled,753
880,2026-09-01T10:40:40Z,INFO,api-4,request handled,760
881,2026-09-02T10:41:53Z,INFO,api-5,request handled,767
882,2026-09-03T10:42:06Z,INFO,api-6,request handled,774
883,2026-09-04T10:43:19Z,INFO,api-7,request handled,781
884,2026-09-05T10:44:32Z,INFO,api-8,request handled,788
885,2026-09-06T10:45:45Z,INFO,api-9,request handled,795
886,2026-09-07T10:46:58Z,INFO,api-10,request handled,802
887,2026-09-08T10:47:11Z,INFO,api-11,request handled,809
888,2026-09-01T10:48:24Z,INFO,api-0,request handled,816
889,2026-09-02T10:49:37Z,INFO,api-1,request handled,823
890,2026-09-03T10:50:50Z,INFO,api-2,request handled,830
891,2026-09-04T10:51:03Z,INFO,api-3,request handled,837
892,2026-09-05T10:52:16Z,INFO,api-4,request handled,844
893,2026-09-06T10:53:29Z,INFO,api-5,request handled,851
894,2026-09-07T10:54:42Z,INFO,api-6,request handled,858
895,2026-09-08T10:55:55Z,INFO,api-7,request handled,865
896,2026-09-01T10:56:08Z,INFO,api-8,request handled,872
897,2026-09-02T10:57:21Z,INFO,api-9,request handled,879
898,2026-09-03T10:58:34Z,INFO,api-10,request handled,886
899,2026-09-04T10:59:47Z,INFO,api-11,request handled,893
900,2026-09-05T10:00:00Z,INFO,api-0,request handled,0
901,2026-09-06T10:01:13Z,INFO,api-1,request handled,7
902,2026-09-07T10:02:26Z,INFO,api-2,request handled,14
903,2026-09-08T10:03:39Z,INFO,api-3,request handled,21
904,2026-09-01T10:04:52Z,INFO,api-4,request handled,28
905,2026-09-02T10:05:05Z,INFO,api-5,request handled,35
906,2026-09-03T10:06:18Z,INFO,api-6,request handled,42
907,2026-09-04T10:07:31Z,INFO,api-7,request handled,49
908,2026-09-05T10:08:44Z,INFO,api-8,request handled,56
909,2026-09-06T10:09:57Z,INFO,api-9,request handled,63
910,2026-09-07T10:10:10Z,INFO,api-10,request handled,70
911,2026-09-08T10:11:23Z,INFO,api-11,request handled,77
912,2026-09-01T10:12:36Z,INFO,api-0,request handled,84
913,2026-09-02T10:13:49Z,INFO,api-1,request handled,91
914,2026-09-03T10:14:02Z,INFO,api-2,request handled,98
915,2026-09-04T10:15:15Z,INFO,api-3,request handled,105
916,2026-09-05T10:16:28Z,INFO,api-4,request handled,112
917,2026-09-06T10:17:41Z,INFO,api-5,request handled,119
918,2026-09-07T10:18:54Z,INFO,api-6,request handled,126
919,2026-09-08T10:19:07Z,INFO,api-7,request handled,133
920,2026-09-01T10:20:20Z,INFO,api-8,request handled,140
921,2026-09-02T10:21:33Z,INFO,api-9,request handled,147
922,2026-09-03T10:22:46Z,INFO,api-10,request handled,154
923,2026-09-04T10:23:59Z,INFO,api-11,request handled,161
924,2026-09-05T10:24:12Z,INFO,api-0,request handled,168
925,2026-09-06T10:25:25Z,INFO,api-1,request handled,175
926,2026-09-07T10:26:38Z,INFO,api-2,request handled,182
927,2026-09-08T10:27:51Z,INFO,api-3,request handled,189
928,2026-09-01T10:28:04Z,INFO,api-4,request handled,196
929,2026-09-02T10:29:17Z,INFO,api-5,request handled,203
930,2026-09-03T10:30:30Z,INFO,api-6,request handled,210
931,2026-09-04T10:31:43Z,INFO,api-7,request handled,217
932,2026-09-05T10:32:56Z,INFO,api-8,request handled,224
933,2026-09-06T10:33:09Z,INFO,api-9,request handled,231
934,2026-09-07T10:34:22Z,INFO,api-10,request handled,238
935,2026-09-08T10:35:35Z,INFO,api-11,request handled,245
936,2026-09-01T10:36:48Z,INFO,api-0,request handled,252
937,2026-09-02T10:37:01Z,INFO,api-1,request handled,259
938,2026-09-03T10:38:14Z,INFO,api-2,request handled,266
939,2026-09-04T10:39:27Z,INFO,api-3,request handled,273
940,2026-09-05T10:40:40Z,INFO,api-4,request handled,280
941,2026-09-06T10:41:53Z,INFO,api-5,request handled,287
942,2026-09-07T10:42:06Z,INFO,api-6,request handled,294
943,2026-09-08T10:43:19Z,INFO,api-7,request handled,301
944,2026-09-01T10:44:32Z,INFO,api-8,request handled,308
945,2026-09-02T10:45:45Z,INFO,api-9,request handled,315
946,2026-09-03T10:46:58Z,INFO,api-10,request handled,322
947,2026-09-04T10:47:11Z,INFO,api-11,request handled,329
948,2026-09-05T10:48:24Z,INFO,api-0,request handled,336
949,2026-09-06T10:49:37Z,INFO,api-1,request handled,343
950,2026-09-07T10:50:50Z,INFO,api-2,request handled,350
951,2026-09-08T10:51:03Z,INFO,api-3,request handled,357
952,2026-09-01T10:52:16Z,INFO,api-4,request handled,364
953,2026-09-02T10:53:29Z,INFO,api-5,request handled,371
954,2026-09-03T10:54:42Z,INFO,api-6,request handled,378
955,2026-09-04T10:55:55Z,INFO,api-7,request handled,385
956,2026-09-05T10:56:08Z,INFO,api-8,request handled,392
957,2026-09-06T10:57:21Z,INFO,api-9,request handled,399
958,2026-09-07T10:58:34Z,INFO,api-10,request handled,406
959,2026-09-08T10:59:47Z,INFO,api-11,request handled,413
960,2026-09-01T10:00:00Z,INFO,api-0,request handled,420
961,2026-09-02T10:01:13Z,INFO,api-1,request handled,427
962,2026-09-03T10:02:26Z,INFO,api-2,request handled,434
963,2026-09-04T10:03:39Z,INFO,api-3,request handled,441
964,2026-09-05T10:04:52Z,INFO,api-4,request handled,448
965,2026-09-06T10:05:05Z,INFO,api-5,request handled,455
966,2026-09-07T10:06:18Z,INFO,api-6,request handled,462
967,2026-09-08T10:07:31Z,INFO,api-7,request handled,469
968,2026-09-01T10:08:44Z,INFO,api-8,request handled,476
969,2026-09-02T10:09:57Z,INFO,api-9,request handled,483
970,2026-09-03T10:10:10Z,WARN,api-10,request handled,490
971,2026-09-04T10:11:23Z,INFO,api-11,request handled,497
972,2026-09-05T10:12:36Z,INFO,api-0,request handled,504
973,2026-09-06T10:13:49Z,INFO,api-1,request handled,511
974,2026-09-07T10:14:02Z,INFO,api-2,request handled,518
975,2026-09-08T10:15:15Z,INFO,api-3,request handled,525
976,2026-09-01T10:16:28Z,INFO,api-4,request handled,532
977,2026-09-02T10:17:41Z,INFO,api-5,request handled,539
978,2026-09-03T10:18:54Z,INFO,api-6,request handled,546
979,2026-09-04T10:19:07Z,INFO,api-7,request handled,553
980,2026-09-05T10:20:20Z,INFO,api-8,request handled,560
981,2026-09-06T10:21:33Z,INFO,api-9,request handled,567
982,2026-09-07T10:22:46Z,INFO,api-10,request handled,574
983,2026-09-08T10:23:59Z,INFO,api-11,request handled,581
984,2026-09-01T10:24:12Z,INFO,api-0,request handled,588
985,2026-09-02T10:25:25Z,INFO,api-1,request handled,595
986,2026-09-03T10:26:38Z,INFO,api-2,request handled,602
987,2026-09-04T10:27:51Z,INFO,api-3,request handled,609
988,2026-09-05T10:28:04Z,INFO,api-4,request handled,616
989,2026-09-06T10:29:17Z,INFO,api-5,request handled,623
990,2026-09-07T10:30:30Z,INFO,api-6,request handled,630
991,2026-09-08T10:31:43Z,INFO,api-7,request handled,637
992,2026-09-01T10:32:56Z,INFO,api-8,request handled,644
993,2026-09-02T10:33:09Z,INFO,api-9,request handled,651
994,2026-09-03T10:34:22Z,INFO,api-10,request handled,658
995,2026-09-04T10:35:35Z,INFO,api-11,request handled,665
996,2026-09-05T10:36:48Z,INFO,api-0,request handled,672
997,2026-09-06T10:37:01Z,INFO,api-1,request handled,679
998,2026-09-07T10:38:14Z,INFO,api-2,request handled,686
999,2026-09-08T10:39:27Z,INFO,api-3,request handled,693
1000,2026-09-01T10:40:40Z,ERROR,api-4,request handled,700
1001,2026-09-02T10:41:53Z,INFO,api-5,request handled,707
1002,2026-09-03T10:42:06Z,INFO,api-6,request handled,714
1003,2026-09-04T10:43:19Z,INFO,api-7,request handled,721
1004,2026-09-05T10:44:32Z,INFO,api-8,request handled,728
1005,2026-09-06T10:45:45Z,INFO,api-9,request handled,735
1006,2026-09-07T10:46:58Z,INFO,api-10,request handled,742
1007,2026-09-08T10:47:11Z,INFO,api-11,request handled,749
1008,2026-09-01T10:48:24Z,INFO,api-0,request handled,756
1009,2026-09-02T10:49:37Z,INFO,api-1,request handled,763
1010,2026-09-03T10:50:50Z,INFO,api-2,request handled,770
1011,2026-09-04T10:51:03Z,INFO,api-3,request handled,777
1012,2026-09-05T10:52:16Z,INFO,api-4,request handled,784
1013,2026-09-06T10:53:29Z,INFO,api-5,request handled,791
1014,2026-09-07T10:54:42Z,INFO,api-6,request handled,798
1015,2026-09-08T10:55:55Z,INFO,api-7,request handled,805
1016,2026-09-01T10:56:08Z,INFO,api-8,request handled,812
1017,2026-09-02T10:57:21Z,INFO,api-9,request handled,819
1018,2026-09-03T10:58:34Z,INFO,api-10,request handled,826
1019,2026-09-04T10:59:47Z,INFO,api-11,request handled,833
1020,2026-09-05T10:00:00Z,INFO,api-0,request handled,840
1021,2026-09-06T10:01:13Z,INFO,api-1,request handled,847
1022,2026-09-07T10:02:26Z,INFO,api-2,request handled,854
1023,2026-09-08T10:03:39Z,INFO,api-3,request handled,861
1024,2026-09-01T10:04:52Z,INFO,api-4,request handled,868
1025,2026-09-02T10:05:05Z,INFO,api-5,request handled,875
1026,2026-09-03T10:06:18Z,INFO,api-6,request handled,882
1027,2026-09-04T10:07:31Z,INFO,api-7,request handled,889
1028,2026-09-05T10:08:44Z,INFO,api-8,request handled,896
1029,2026-09-06T10:09:57Z,INFO,api-9,request handled,3
1030,2026-09-07T10:10:10Z,INFO,api-10,request handled,10
1031,2026-09-08T10:11:23Z,INFO,api-11,request handled,17
1032,2026-09-01T10:12:36Z,INFO,api-0,request handled,24
1033,2026-09-02T10:13:49Z,INFO,api-1,request handled,31
1034,2026-09-03T10:14:02Z,INFO,api-2,request handled,38
1035,2026-09-04T10:15:15Z,INFO,api-3,request handled,45
1036,2026-09-05T10:16:28Z,INFO,api-4,request handled,52
1037,2026-09-06T10:17:41Z,INFO,api-5,request handled,59
1038,2026-09-07T10:18:54Z,INFO,api-6,request handled,66
1039,2026-09-08T10:19:07Z,INFO,api-7,request handled,73
1040,2026-09-01T10:20:20Z,INFO,api-8,request handled,80
1041,2026-09-02T10:21:33Z,INFO,api-9,request handled,87
1042,2026-09-03T10:22:46Z,INFO,api-10,request handled,94
1043,2026-09-04T10:23:59Z,INFO,api-11,request handled,101
1044,2026-09-05T10:24:12Z,INFO,api-0,request handled,108
1045,2026-09-06T10:25:25Z,INFO,api-1,request handled,115
1046,2026-09-07T10:26:38Z,INFO,api-2,request handled,122
1047,2026-09-08T10:27:51Z,INFO,api-3,request handled,129
1048,2026-09-01T10:28:04Z,INFO,api-4,request handled,136
1049,2026-09-02T10:29:17Z,INFO,api-5,request handled,143
1050,2026-09-03T10:30:30Z,INFO,api-6,request handled,150
1051,2026-09-04T10:31:43Z,INFO,api-7,request handled,157
1052,2026-09-05T10:32:56Z,INFO,api-8,request handled,164
1053,2026-09-06T10:33:09Z,INFO,api-9,request handled,171
1054,2026-09-07T10:34:22Z,INFO,api-10,request handled,178
1055,2026-09-08T10:35:35Z,INFO,api-11,request handled,185
1056,2026-09-01T10:36:48Z,INFO,api-0,request handled,192
1057,2026-09-02T10:37:01Z,INFO,api-1,request handled,199
1058,2026-09-03T10:38:14Z,INFO,api-2,request handled,206
1059,2026-09-04T10:39:27Z,INFO,api-3,request handled,213
1060,2026-09-05T10:40:40Z,INFO,api-4,request handled,220
1061,2026-09-06T10:41:53Z,INFO,api-5,request handled,227
1062,2026-09-07T10:42:06Z,INFO,api-6,request handled,234
1063,2026-09-08T10:43:19Z,INFO,api-7,request handled,241
1064,2026-09-01T10:44:32Z,INFO,api-8,request handled,248
1065,2026-09-02T10:45:45Z,INFO,api-9,request handled,255
1066,2026-09-03T10:46:58Z,INFO,api-10,request handled,262
1067,2026-09-04T10:47:11Z,WARN,api-11,request handled,269
1068,2026-09-05T10:48:24Z,INFO,api-0,request handled,276
1069,2026-09-06T10:49:37Z,INFO,api-1,request handled,283
1070,2026-09-07T10:50:50Z,INFO,api-2,request handled,290
1071,2026-09-08T10:51:03Z,INFO,api-3,request handled,297
1072,2026-09-01T10:52:16Z,INFO,api-4,request handled,304
1073,2026-09-02T10:53:29Z,INFO,api-5,request handled,311
1074,2026-09-03T10:54:42Z,INFO,api-6,request handled,318
1075,2026-09-04T10:55:55Z,INFO,api-7,request handled,325
1076,2026-09-05T10:56:08Z,INFO,api-8,request handled,332
1077,2026-09-06T10:57:21Z,INFO,api-9,request handled,339
1078,2026-09-07T10:58:34Z,INFO,api-10,request handled,346
1079,2026-09-08T10:59:47Z,INFO,api-11,request handled,353
1080,2026-09-01T10:00:00Z,INFO,api-0,request handled,360
1081,2026-09-02T10:01:13Z,INFO,api-1,request handled,367
1082,2026-09-03T10:02:26Z,INFO,api-2,request handled,374
1083,2026-09-04T10:03:39Z,INFO,api-3,request handled,381
1084,2026-09-05T10:04:52Z,INFO,api-4,request handled,388
1085,2026-09-06T10:05:05Z,INFO,api-5,request handled,395
1086,2026-09-07T10:06:18Z,INFO,api-6,request handled,402
1087,2026-09-08T10:07:31Z,INFO,api-7,request handled,409
1088,2026-09-01T10:08:44Z,INFO,api-8,request handled,416
1089,2026-09-02T10:09:57Z,INFO,api-9,request handled,423
1090,2026-09-03T10:10:10Z,INFO,api-10,request handled,430
1091,2026-09-04T10:11:23Z,INFO,api-11,request handled,437
1092,2026-09-05T10:12:36Z,INFO,api-0,request handled,444
1093,2026-09-06T10:13:49Z,INFO,api-1,request handled,451
1094,2026-09-07T10:14:02Z,INFO,api-2,request handled,458
1095,2026-09-08T10:15:15Z,INFO,api-3,request handled,465
1096,2026-09-01T10:16:28Z,INFO,api-4,request handled,472
1097,2026-09-02T10:17:41Z,INFO,api-5,request handled,479
1098,2026-09-03T10:18:54Z,INFO,api-6,request handled,486
1099,2026-09-04T10:19:07Z,INFO,api-7,request handled,493
1100,2026-09-05T10:20:20Z,INFO,api-8,request handled,500
1101,2026-09-06T10:21:33Z,INFO,api-9,request handled,507
1102,2026-09-07T10:22:46Z,INFO,api-10,request handled,514
1103,2026-09-08T10:23:59Z,INFO,api-11,request handled,521
1104,2026-09-01T10:24:12Z,INFO,api-0,request handled,528
1105,2026-09-02T10:25:25Z,INFO,api-1,request handled,535
1106,2026-09-03T10:26:38Z,INFO,api-2,request handled,542
1107,2026-09-04T10:27:51Z,INFO,api-3,request handled,549
1108,2026-09-05T10:28:04Z,INFO,api-4,request handled,556
1109,2026-09-06T10:29:17Z,INFO,api-5,request handled,563
1110,2026-09-07T10:30:30Z,INFO,api-6,request handled,570
1111,2026-09-08T10:31:43Z,INFO,api-7,request handled,577
1112,2026-09-01T10:32:56Z,INFO,api-8,request handled,584
1113,2026-09-02T10:33:09Z,INFO,api-9,request handled,591
1114,2026-09-03T10:34:22Z,INFO,api-10,request handled,598
1115,2026-09-04T10:35:35Z,INFO,api-11,request handled,605
1116,2026-09-05T10:36:48Z,INFO,api-0,request handled,612
1117,2026-09-06T10:37:01Z,INFO,api-1,request handled,619
1118,2026-09-07T10:38:14Z,INFO,api-2,request handled,626
1119,2026-09-08T10:39:27Z,INFO,api-3,request handled,633
1120,2026-09-01T10:40:40Z,INFO,api-4,request handled,640
1121,2026-09-02T10:41:53Z,INFO,api-5,request handled,647
1122,2026-09-03T10:42:06Z,INFO,api-6,request handled,654
1123,2026-09-04T10:43:19Z,INFO,api-7,request handled,661
1124,2026-09-05T10:44:32Z,INFO,api-8,request handled,668
1125,2026-09-06T10:45:45Z,INFO,api-9,request handled,675
1126,2026-09-07T10:46:58Z,INFO,api-10,request handled,682
1127,2026-09-08T10:47:11Z,INFO,api-11,request handled,689
1128,2026-09-01T10:48:24Z,INFO,api-0,request handled,696
1129,2026-09-02T10:49:37Z,INFO,api-1,request handled,703
1130,2026-09-03T10:50:50Z,INFO,api-2,request handled,710
1131,2026-09-04T10:51:03Z,INFO,api-3,request handled,717
1132,2026-09-05T10:52:16Z,INFO,api-4,request handled,724
1133,2026-09-06T10:53:29Z,INFO,api-5,request handled,731
1134,2026-09-07T10:54:42Z,INFO,api-6,request handled,738
1135,2026-09-08T10:55:55Z,INFO,api-7,request handled,745
1136,2026-09-01T10:56:08Z,INFO,api-8,request handled,752
1137,2026-09-02T10:57:21Z,INFO,api-9,request handled,759
1138,2026-09-03T10:58:34Z,INFO,api-10,request handled,766
1139,2026-09-04T10:59:47Z,INFO,api-11,request handled,773
1140,2026-09-05T10:00:00Z,INFO,api-0,request handled,780
1141,2026-09-06T10:01:13Z,INFO,api-1,request handled,787
1142,2026-09-07T10:02:26Z,INFO,api-2,request handled,794
1143,2026-09-08T10:03:39Z,INFO,api-3,request handled,801
1144,2026-09-01T10:04:52Z,INFO,api-4,request handled,808
1145,2026-09-02T10:05:05Z,INFO,api-5,request handled,815
1146,2026-09-03T10:06:18Z,INFO,api-6,request handled,822
1147,2026-09-04T10:07:31Z,INFO,api-7,request handled,829
1148,2026-09-05T10:08:44Z,INFO,api-8,request handled,836
1149,2026-09-06T10:09:57Z,INFO,api-9,request handled,843
1150,2026-09-07T10:10:10Z,INFO,api-10,request handled,850
1151,2026-09-08T10:11:23Z,INFO,api-11,request handled,857
1152,2026-09-01T10:12:36Z,INFO,api-0,request handled,864
1153,2026-09-02T10:13:49Z,INFO,api-1,request handled,871
1154,2026-09-03T10:14:02Z,INFO,api-2,request handled,878
1155,2026-09-04T10:15:15Z,INFO,api-3,request handled,885
1156,2026-09-05T10:16:28Z,INFO,api-4,request handled,892
1157,2026-09-06T10:17:41Z,INFO,api-5,request handled,899
1158,2026-09-07T10:18:54Z,INFO,api-6,request handled,6
1159,2026-09-08T10:19:07Z,INFO,api-7,request handled,13
1160,2026-09-01T10:20:20Z,INFO,api-8,request handled,20
1161,2026-09-02T10:21:33Z,INFO,api-9,request handled,27
1162,2026-09-03T10:22:46Z,INFO,api-10,request handled,34
1163,2026-09-04T10:23:59Z,INFO,api-11,request handled,41
1164,2026-09-05T10:24:12Z,WARN,api-0,request handled,48
1165,2026-09-06T10:25:25Z,INFO,api-1,request handled,55
1166,2026-09-07T10:26:38Z,INFO,api-2,request handled,62
1167,2026-09-08T10:27:51Z,INFO,api-3,request handled,69
1168,2026-09-01T10:28:04Z,INFO,api-4,request handled,76
1169,2026-09-02T10:29:17Z,INFO,api-5,request handled,83
1170,2026-09-03T10:30:30Z,INFO,api-6,request handled,90
1171,2026-09-04T10:31:43Z,INFO,api-7,request handled,97
1172,2026-09-05T10:32:56Z,INFO,api-8,request handled,104
1173,2026-09-06T10:33:09Z,INFO,api-9,request handled,111
1174,2026-09-07T10:34:22Z,INFO,api-10,request handled,118
1175,2026-09-08T10:35:35Z,INFO,api-11,request handled,125
1176,2026-09-01T10:36:48Z,INFO,api-0,request handled,132
1177,2026-09-02T10:37:01Z,INFO,api-1,request handled,139
1178,2026-09-03T10:38:14Z,INFO,api-2,request handled,146
1179,2026-09-04T10:39:27Z,INFO,api-3,request handled,153
1180,2026-09-05T10:40:40Z,INFO,api-4,request handled,160
1181,2026-09-06T10:41:53Z,INFO,api-5,request handled,167
1182,2026-09-07T10:42:06Z,INFO,api-6,request handled,174
1183,2026-09-08T10:43:19Z,INFO,api-7,request handled,181
1184,2026-09-01T10:44:32Z,INFO,api-8,request handled,188
1185,2026-09-02T10:45:45Z,INFO,api-9,request handled,195
1186,2026-09-03T10:46:58Z,INFO,api-10,request handled,202
1187,2026-09-04T10:47:11Z,INFO,api-11,request handled,209
1188,2026-09-05T10:48:24Z,INFO,api-0,request handled,216
1189,2026-09-06T10:49:37Z,INFO,api-1,request handled,223
1190,2026-09-07T10:50:50Z,INFO,api-2,request handled,230
1191,2026-09-08T10:51:03Z,INFO,api-3,request handled,237
1192,2026-09-01T10:52:16Z,INFO,api-4,request handled,244
1193,2026-09-02T10:53:29Z,INFO,api-5,request handled,251
1194,2026-09-03T10:54:42Z,INFO,api-6,request handled,258
1195,2026-09-04T10:55:55Z,INFO,api-7,request handled,265
1196,2026-09-05T10:56:08Z,INFO,api-8,request handled,272
1197,2026-09-06T10:57:21Z,INFO,api-9,request handled,279
1198,2026-09-07T10:58:34Z,INFO,api-10,request handled,286
1199,2026-09-08T10:59:47Z,INFO,api-11,request handled,293
1200,2026-09-01T10:00:00Z,INFO,api-0,request handled,300
1201,2026-09-02T10:01:13Z,INFO,api-1,request handled,307
1202,2026-09-03T10:02:26Z,INFO,api-2,request handled,314
1203,2026-09-04T10:03:39Z,INFO,api-3,request handled,321
1204,2026-09-05T10:04:52Z,INFO,api-4,request handled,328
1205,2026-09-06T10:05:05Z,INFO,api-5,request handled,335
1206,2026-09-07T10:06:18Z,INFO,api-6,request handled,342
1207,2026-09-08T10:07:31Z,INFO,api-7,request handled,349
1208,2026-09-01T10:08:44Z,INFO,api-8,request handled,356
1209,2026-09-02T10:09:57Z,INFO,api-9,request handled,363
1210,2026-09-03T10:10:10Z,INFO,api-10,request handled,370
1211,2026-09-04T10:11:23Z,INFO,api-11,request handled,377
1212,2026-09-05T10:12:36Z,INFO,api-0,request handled,384
1213,2026-09-06T10:13:49Z,INFO,api-1,request handled,391
1214,2026-09-07T10:14:02Z,INFO,api-2,request handled,398
1215,2026-09-08T10:15:15Z,INFO,api-3,request handled,405
1216,2026-09-01T10:16:28Z,INFO,api-4,request handled,412
1217,2026-09-02T10:17:41Z,INFO,api-5,request handled,419
1218,2026-09-03T10:18:54Z,INFO,api-6,request handled,426
1219,2026-09-04T10:19:07Z,INFO,api-7,request handled,433
1220,2026-09-05T10:20:20Z,INFO,api-8,request handled,440
1221,2026-09-06T10:21:33Z,INFO,api-9,request handled,447
1222,2026-09-07T10:22:46Z,INFO,api-10,request handled,454
1223,2026-09-08T10:23:59Z,INFO,api-11,request handled,461
1224,2026-09-01T10:24:12Z,INFO,api-0,request handled,468
1225,2026-09-02T10:25:25Z,INFO,api-1,request handled,475
1226,2026-09-03T10:26:38Z,INFO,api-2,request handled,482
1227,2026-09-04T10:27:51Z,INFO,api-3,request handled,489
1228,2026-09-05T10:28:04Z,INFO,api-4,request handled,496
1229,2026-09-06T10:29:17Z,INFO,api-5,request handled,503
1230,2026-09-07T10:30:30Z,INFO,api-6,request handled,510
1231,2026-09-08T10:31:43Z,INFO,api-7,request handled,517
1232,2026-09-01T10:32:56Z,INFO,api-8,request handled,524
1233,2026-09-02T10:33:09Z,INFO,api-9,request handled,531
1234,2026-09-03T10:34:22Z,INFO,api-10,request handled,538
1235,2026-09-04T10:35:35Z,INFO,api-11,request handled,545
1236,2026-09-05T10:36:48Z,INFO,api-0,request handled,552
1237,2026-09-06T10:37:01Z,INFO,api-1,request handled,559
1238,2026-09-07T10:38:14Z,INFO,api-2,request handled,566
1239,2026-09-08T10:39:27Z,INFO,api-3,request handled,573
1240,2026-09-01T10:40:40Z,INFO,api-4,request handled,580
1241,2026-09-02T10:41:53Z,INFO,api-5,request handled,587
1242,2026-09-03T10:42:06Z,INFO,api-6,request handled,594
1243,2026-09-04T10:43:19Z,INFO,api-7,request handled,601
1244,2026-09-05T10:44:32Z,INFO,api-8,request handled,608
1245,2026-09-06T10:45:45Z,INFO,api-9,request handled,615
1246,2026-09-07T10:46:58Z,INFO,api-10,request handled,622
1247,2026-09-08T10:47:11Z,INFO,api-11,request handled,629
1248,2026-09-01T10:48:24Z,INFO,api-0,request handled,636
1249,2026-09-02T10:49:37Z,INFO,api-1,request handled,643
1250,2026-09-03T10:50:50Z,INFO,api-2,request handled,650
1251,2026-09-04T10:51:03Z,INFO,api-3,request handled,657
1252,2026-09-05T10:52:16Z,INFO,api-4,request handled,664
1253,2026-09-06T10:53:29Z,INFO,api-5,request handled,671
1254,2026-09-07T10:54:42Z,INFO,api-6,request handled,678
1255,2026-09-08T10:55:55Z,INFO,api-7,request handled,685
1256,2026-09-01T10:56:08Z,INFO,api-8,request handled,692
1257,2026-09-02T10:57:21Z,INFO,api-9,request handled,699
1258,2026-09-03T10:58:34Z,INFO,api-10,request handled,706
1259,2026-09-04T10:59:47Z,INFO,api-11,request handled,713
1260,2026-09-05T10:00:00Z,INFO,api-0,request handled,720
1261,2026-09-06T10:01:13Z,WARN,api-1,request handled,727
1262,2026-09-07T10:02:26Z,INFO,api-2,request handled,734
1263,2026-09-08T10:03:39Z,INFO,api-3,request handled,741
1264,2026-09-01T10:04:52Z,INFO,api-4,request handled,748
1265,2026-09-02T10:05:05Z,INFO,api-5,request handled,755
1266,2026-09-03T10:06:18Z,INFO,api-6,request handled,762
1267,2026-09-04T10:07:31Z,INFO,api-7,request handled,769
1268,2026-09-05T10:08:44Z,INFO,api-8,request handled,776
1269,2026-09-06T10:09:57Z,INFO,api-9,request handled,783
1270,2026-09-07T10:10:10Z,INFO,api-10,request handled,790
1271,2026-09-08T10:11:23Z,INFO,api-11,request handled,797
1272,2026-09-01T10:12:36Z,INFO,api-0,request handled,804
1273,2026-09-02T10:13:49Z,INFO,api-1,request handled,811
1274,2026-09-03T10:14:02Z,INFO,api-2,request handled,818
1275,2026-09-04T10:15:15Z,INFO,api-3,request handled,825
1276,2026-09-05T10:16:28Z,INFO,api-4,request handled,832
1277,2026-09-06T10:17:41Z,INFO,api-5,request handled,839
1278,2026-09-07T10:18:54Z,INFO,api-6,request handled,846
1279,2026-09-08T10:19:07Z,INFO,api-7,request handled,853
1280,2026-09-01T10:20:20Z,INFO,api-8,request handled,860
1281,2026-09-02T10:21:33Z,INFO,api-9,request handled,867
1282,2026-09-03T10:22:46Z,INFO,api-10,request handled,874
1283,2026-09-04T10:23:59Z,INFO,api-11,request handled,881
1284,2026-09-05T10:24:12Z,INFO,api-0,request handled,888
1285,2026-09-06T10:25:25Z,INFO,api-1,request handled,895
1286,2026-09-07T10:26:38Z,INFO,api-2,request handled,2
1287,2026-09-08T10:27:51Z,INFO,api-3,request handled,9
1288,2026-09-01T10:28:04Z,INFO,api-4,request handled,16
1289,2026-09-02T10:29:17Z,INFO,api-5,request handled,23
1290,2026-09-03T10:30:30Z,INFO,api-6,request handled,30
1291,2026-09-04T10:31:43Z,INFO,api-7,request handled,37
1292,2026-09-05T10:32:56Z,INFO,api-8,request handled,44
1293,2026-09-06T10:33:09Z,INFO,api-9,request handled,51
1294,2026-09-07T10:34:22Z,INFO,api-10,request handled,58
1295,2026-09-08T10:35:35Z,INFO,api-11,request handled,65
1296,2026-09-01T10:36:48Z,INFO,api-0,request handled,72
1297,2026-09-02T10:37:01Z,INFO,api-1,request handled,79
1298,2026-09-03T10:38:14Z,INFO,api-2,request handled,86
1299,2026-09-04T10:39:27Z,INFO,api-3,request handled,93
1300,2026-09-05T10:40:40Z,INFO,api-4,request handled,100
1301,2026-09-06T10:41:53Z,INFO,api-5,request handled,107
1302,2026-09-07T10:42:06Z,INFO,api-6,request handled,114
1303,2026-09-08T10:43:19Z,INFO,api-7,request handled,121
1304,2026-09-01T10:44:32Z,INFO,api-8,request handled,128
1305,2026-09-02T10:45:45Z,INFO,api-9,request handled,135
1306,2026-09-03T10:46:58Z,INFO,api-10,request handled,142
1307,2026-09-04T10:47:11Z,INFO,api-11,request handled,149
1308,2026-09-05T10:48:24Z,INFO,api-0,request handled,156
1309,2026-09-06T10:49:37Z,INFO,api-1,request handled,163
1310,2026-09-07T10:50:50Z,INFO,api-2,request handled,170
1311,2026-09-08T10:51:03Z,INFO,api-3,request handled,177
1312,2026-09-01T10:52:16Z,INFO,api-4,request handled,184
1313,2026-09-02T10:53:29Z,INFO,api-5,request handled,191
1314,2026-09-03T10:54:42Z,INFO,api-6,request handled,198
1315,2026-09-04T10:55:55Z,INFO,api-7,request handled,205
1316,2026-09-05T10:56:08Z,INFO,api-8,request handled,212
1317,2026-09-06T10:57:21Z,INFO,api-9,request handled,219
1318,2026-09-07T10:58:34Z,INFO,api-10,request handled,226
1319,2026-09-08T10:59:47Z,INFO,api-11,request handled,233
1320,2026-09-01T10:00:00Z,INFO,api-0,request handled,240
1321,2026-09-02T10:01:13Z,INFO,api-1,request handled,247
1322,2026-09-03T10:02:26Z,INFO,api-2,request handled,254
1323,2026-09-04T10:03:39Z,INFO,api-3,request handled,261
1324,2026-09-05T10:04:52Z,INFO,api-4,request handled,268
1325,2026-09-06T10:05:05Z,INFO,api-5,request handled,275
1326,2026-09-07T10:06:18Z,INFO,api-6,request handled,282
1327,2026-09-08T10:07:31Z,INFO,api-7,request handled,289
1328,2026-09-01T10:08:44Z,INFO,api-8,request handled,296
1329,2026-09-02T10:09:57Z,INFO,api-9,request handled,303
1330,2026-09-03T10:10:10Z,INFO,api-10,request handled,310
1331,2026-09-04T10:11:23Z,INFO,api-11,request handled,317
1332,2026-09-05T10:12:36Z,INFO,api-0,request handled,324
1333,2026-09-06T10:13:49Z,INFO,api-1,request handled,331
1334,2026-09-07T10:14:02Z,INFO,api-2,request handled,338
1335,2026-09-08T10:15:15Z,INFO,api-3,request handled,345
1336,2026-09-01T10:16:28Z,INFO,api-4,request handled,352
1337,2026-09-02T10:17:41Z,INFO,api-5,request handled,359
1338,2026-09-03T10:18:54Z,INFO,api-6,request handled,366
1339,2026-09-04T10:19:07Z,INFO,api-7,request handled,373
1340,2026-09-05T10:20:20Z,INFO,api-8,request handled,380
1341,2026-09-06T10:21:33Z,INFO,api-9,request handled,387
1342,2026-09-07T10:22:46Z,INFO,api-10,request handled,394
1343,2026-09-08T10:23:59Z,INFO,api-11,request handled,401
1344,2026-09-01T10:24:12Z,INFO,api-0,request handled,408
1345,2026-09-02T10:25:25Z,INFO,api-1,request handled,415
1346,2026-09-03T10:26:38Z,INFO,api-2,request handled,422
1347,2026-09-04T10:27:51Z,INFO,api-3,request handled,429
1348,2026-09-05T10:28:04Z,INFO,api-4,request handled,436
1349,2026-09-06T10:29:17Z,INFO,api-5,request handled,443
1350,2026-09-07T10:30:30Z,INFO,api-6,request handled,450
1351,2026-09-08T10:31:43Z,INFO,api-7,request handled,457
1352,2026-09-01T10:32:56Z,INFO,api-8,request handled,464
1353,2026-09-02T10:33:09Z,INFO,api-9,request handled,471
1354,2026-09-03T10:34:22Z,INFO,api-10,request handled,478
1355,2026-09-04T10:35:35Z,INFO,api-11,request handled,485
1356,2026-09-05T10:36:48Z,INFO,api-0,request handled,492
1357,2026-09-06T10:37:01Z,INFO,api-1,request handled,499
1358,2026-09-07T10:38:14Z,WARN,api-2,request handled,506
1359,2026-09-08T10:39:27Z,INFO,api-3,request handled,513
1360,2026-09-01T10:40:40Z,INFO,api-4,request handled,520
1361,2026-09-02T10:41:53Z,INFO,api-5,request handled,527
1362,2026-09-03T10:42:06Z,INFO,api-6,request handled,534
1363,2026-09-04T10:43:19Z,INFO,api-7,request handled,541
1364,2026-09-05T10:44:32Z,INFO,api-8,request handled,548
1365,2026-09-06T10:45:45Z,INFO,api-9,request handled,555
1366,2026-09-07T10:46:58Z,INFO,api-10,request handled,562
1367,2026-09-08T10:47:11Z,INFO,api-11,request handled,569
1368,2026-09-01T10:48:24Z,INFO,api-0,request handled,576
1369,2026-09-02T10:49:37Z,INFO,api-1,request handled,583
1370,2026-09-03T10:50:50Z,INFO,api-2,request handled,590
1371,2026-09-04T10:51:03Z,INFO,api-3,request handled,597
1372,2026-09-05T10:52:16Z,INFO,api-4,request handled,604
1373,2026-09-06T10:53:29Z,INFO,api-5,request handled,611
1374,2026-09-07T10:54:42Z,INFO,api-6,request handled,618
1375,2026-09-08T10:55:55Z,INFO,api-7,request handled,625
1376,2026-09-01T10:56:08Z,INFO,api-8,request handled,632
1377,2026-09-02T10:57:21Z,INFO,api-9,request handled,639
1378,2026-09-03T10:58:34Z,INFO,api-10,request handled,646
1379,2026-09-04T10:59:47Z,INFO,api-11,request handled,653
1380,2026-09-05T10:00:00Z,INFO,api-0,request handled,660
1381,2026-09-06T10:01:13Z,INFO,api-1,request handled,667
1382,2026-09-07T10:02:26Z,INFO,api-2,request handled,674
1383,2026-09-08T10:03:39Z,INFO,api-3,request handled,681
1384,2026-09-01T10:04:52Z,INFO,api-4,request handled,688
1385,2026-09-02T10:05:05Z,INFO,api-5,request handled,695
1386,2026-09-03T10:06:18Z,INFO,api-6,request handled,702
1387,2026-09-04T10:07:31Z,INFO,api-7,request handled,709
1388,2026-09-05T10:08:44Z,INFO,api-8,request handled,716
1389,2026-09-06T10:09:57Z,INFO,api-9,request handled,723
1390,2026-09-07T10:10:10Z,INFO,api-10,request handled,730
1391,2026-09-08T10:11:23Z,INFO,api-11,request handled,737
1392,2026-09-01T10:12:36Z,INFO,api-0,request handled,744
1393,2026-09-02T10:13:49Z,INFO,api-1,request handled,751
1394,2026-09-03T10:14:02Z,INFO,api-2,request handled,758
1395,2026-09-04T10:15:15Z,INFO,api-3,request handled,765
1396,2026-09-05T10:16:28Z,INFO,api-4,request handled,772
1397,2026-09-06T10:17:41Z,INFO,api-5,request handled,779
1398,2026-09-07T10:18:54Z,INFO,api-6,request handled,786
1399,2026-09-08T10:19:07Z,INFO,api-7,request handled,793
1400,2026-09-01T10:20:20Z,INFO,api-8,request handled,800
1401,2026-09-02T10:21:33Z,INFO,api-9,request handled,807
1402,2026-09-03T10:22:46Z,INFO,api-10,request handled,814
1403,2026-09-04T10:23:59Z,INFO,api-11,request handled,821
1404,2026-09-05T10:24:12Z,INFO,api-0,request handled,828
1405,2026-09-06T10:25:25Z,INFO,api-1,request handled,835
1406,2026-09-07T10:26:38Z,INFO,api-2,request handled,842
1407,2026-09-08T10:27:51Z,INFO,api-3,request handled,849
1408,2026-09-01T10:28:04Z,INFO,api-4,request handled,856
1409,2026-09-02T10:29:17Z,INFO,api-5,request handled,863
1410,2026-09-03T10:30:30Z,INFO,api-6,request handled,870
1411,2026-09-04T10:31:43Z,INFO,api-7,request handled,877
1412,2026-09-05T10:32:56Z,INFO,api-8,request handled,884
1413,2026-09-06T10:33:09Z,INFO,api-9,request handled,891
1414,2026-09-07T10:34:22Z,INFO,api-10,request handled,898
1415,2026-09-08T10:35:35Z,INFO,api-11,request handled,5
1416,2026-09-01T10:36:48Z,INFO,api-0,request handled,12
1417,2026-09-02T10:37:01Z,INFO,api-1,request handled,19
1418,2026-09-03T10:38:14Z,INFO,api-2,request handled,26
1419,2026-09-04T10:39:27Z,INFO,api-3,request handled,33
1420,2026-09-05T10:40:40Z,INFO,api-4,request handled,40
1421,2026-09-06T10:41:53Z,INFO,api-5,request handled,47
1422,2026-09-07T10:42:06Z,INFO,api-6,request handled,54
1423,2026-09-08T10:43:19Z,INFO,api-7,request handled,61
1424,2026-09-01T10:44:32Z,INFO,api-8,request handled,68
1425,2026-09-02T10:45:45Z,INFO,api-9,request handled,75
1426,2026-09-03T10:46:58Z,INFO,api-10,request handled,82
1427,2026-09-04T10:47:11Z,INFO,api-11,request handled,89
1428,2026-09-05T10:48:24Z,INFO,api-0,request handled,96
1429,2026-09-06T10:49:37Z,INFO,api-1,request handled,103
1430,2026-09-07T10:50:50Z,INFO,api-2,request handled,110
1431,2026-09-08T10:51:03Z,INFO,api-3,request handled,117
1432,2026-09-01T10:52:16Z,INFO,api-4,request handled,124
1433,2026-09-02T10:53:29Z,INFO,api-5,request handled,131
1434,2026-09-03T10:54:42Z,INFO,api-6,request handled,138
1435,2026-09-04T10:55:55Z,INFO,api-7,request handled,145
1436,2026-09-05T10:56:08Z,INFO,api-8,request handled,152
1437,2026-09-06T10:57:21Z,INFO,api-9,request handled,159
1438,2026-09-07T10:58:34Z,INFO,api-10,request handled,166
1439,2026-09-08T10:59:47Z,INFO,api-11,request handled,173
1440,2026-09-01T10:00:00Z,INFO,api-0,request handled,180
1441,2026-09-02T10:01:13Z,INFO,api-1,request handled,187
1442,2026-09-03T10:02:26Z,INFO,api-2,request handled,194
1443,2026-09-04T10:03:39Z,INFO,api-3,request handled,201
1444,2026-09-05T10:04:52Z,INFO,api-4,request handled,208
1445,2026-09-06T10:05:05Z,INFO,api-5,request handled,215
1446,2026-09-07T10:06:18Z,INFO,api-6,request handled,222
1447,2026-09-08T10:07:31Z,INFO,api-7,request handled,229
1448,2026-09-01T10:08:44Z,INFO,api-8,request handled,236
1449,2026-09-02T10:09:57Z,INFO,api-9,request handled,243
1450,2026-09-03T10:10:10Z,INFO,api-10,request handled,250
1451,2026-09-04T10:11:23Z,INFO,api-11,request handled,257
1452,2026-09-05T10:12:36Z,INFO,api-0,request handled,264
1453,2026-09-06T10:13:49Z,INFO,api-1,request handled,271
1454,2026-09-07T10:14:02Z,INFO,api-2,request handled,278
1455,2026-09-08T10:15:15Z,WARN,api-3,request handled,285
1456,2026-09-01T10:16:28Z,INFO,api-4,request handled,292
1457,2026-09-02T10:17:41Z,INFO,api-5,request handled,299
1458,2026-09-03T10:18:54Z,INFO,api-6,request handled,306
1459,2026-09-04T10:19:07Z,INFO,api-7,request handled,313
1460,2026-09-05T10:20:20Z,INFO,api-8,request handled,320
1461,2026-09-06T10:21:33Z,INFO,api-9,request handled,327
1462,2026-09-07T10:22:46Z,INFO,api-10,request handled,334
1463,2026-09-08T10:23:59Z,INFO,api-11,request handled,341
1464,2026-09-01T10:24:12Z,INFO,api-0,request handled,348
1465,2026-09-02T10:25:25Z,INFO,api-1,request handled,355
1466,2026-09-03T10:26:38Z,INFO,api-2,request handled,362
1467,2026-09-04T10:27:51Z,INFO,api-3,request handled,369
1468,2026-09-05T10:28:04Z,INFO,api-4,request handled,376
1469,2026-09-06T10:29:17Z,INFO,api-5,request handled,383
1470,2026-09-07T10:30:30Z,INFO,api-6,request handled,390
1471,2026-09-08T10:31:43Z,INFO,api-7,request handled,397
1472,2026-09-01T10:32:56Z,INFO,api-8,request handled,404
1473,2026-09-02T10:33:09Z,INFO,api-9,request handled,411
1474,2026-09-03T10:34:22Z,INFO,api-10,request handled,418
1475,2026-09-04T10:35:35Z,INFO,api-11,request handled,425
1476,2026-09-05T10:36:48Z,INFO,api-0,request handled,432
1477,2026-09-06T10:37:01Z,INFO,api-1,request handled,439
1478,2026-09-07T10:38:14Z,INFO,api-2,request handled,446
1479,2026-09-08T10:39:27Z,INFO,api-3,request handled,453
1480,2026-09-01T10:40:40Z,INFO,api-4,request handled,460
1481,2026-09-02T10:41:53Z,INFO,api-5,request handled,467
1482,2026-09-03T10:42:06Z,INFO,api-6,request handled,474
1483,2026-09-04T10:43:19Z,INFO,api-7,request handled,481
1484,2026-09-05T10:44:32Z,INFO,api-8,request handled,488
1485,2026-09-06T10:45:45Z,INFO,api-9,request handled,495
1486,2026-09-07T10:46:58Z,INFO,api-10,request handled,502
1487,2026-09-08T10:47:11Z,INFO,api-11,request handled,509
1488,2026-09-01T10:48:24Z,INFO,api-0,request handled,516
1489,2026-09-02T10:49:37Z,INFO,api-1,request handled,523
1490,2026-09-03T10:50:50Z,INFO,api-2,request handled,530
1491,2026-09-04T10:51:03Z,INFO,api-3,request handled,537
1492,2026-09-05T10:52:16Z,INFO,api-4,request handled,544
1493,2026-09-06T10:53:29Z,INFO,api-5,request handled,551
1494,2026-09-07T10:54:42Z,INFO,api-6,request handled,558
1495,2026-09-08T10:55:55Z,INFO,api-7,request handled,565
1496,2026-09-01T10:56:08Z,INFO,api-8,request handled,572
1497,2026-09-02T10:57:21Z,INFO,api-9,request handled,579
1498,2026-09-03T10:58:34Z,INFO,api-10,request handled,586
1499,2026-09-04T10:59:47Z,INFO,api-11,request handled,593
1500,2026-09-05T10:00:00Z,ERROR,api-0,request handled,600
1501,2026-09-06T10:01:13Z,INFO,api-1,request handled,607
1502,2026-09-07T10:02:26Z,INFO,api-2,request handled,614
1503,2026-09-08T10:03:39Z,INFO,api-3,request handled,621
1504,2026-09-01T10:04:52Z,INFO,api-4,request handled,628
1505,2026-09-02T10:05:05Z,INFO,api-5,request handled,635
1506,2026-09-03T10:06:18Z,INFO,api-6,request handled,642
1507,2026-09-04T10:07:31Z,INFO,api-7,request handled,649
1508,2026-09-05T10:08:44Z,INFO,api-8,request handled,656
1509,2026-09-06T10:09:57Z,INFO,api-9,request handled,663
1510,2026-09-07T10:10:10Z,INFO,api-10,request handled,670
1511,2026-09-08T10:11:23Z,INFO,api-11,request handled,677
1512,2026-09-01T10:12:36Z,INFO,api-0,request handled,684
1513,2026-09-02T10:13:49Z,INFO,api-1,request handled,691
1514,2026-09-03T10:14:02Z,INFO,api-2,request handled,698
1515,2026-09-04T10:15:15Z,INFO,api-3,request handled,705
1516,2026-09-05T10:16:28Z,INFO,api-4,request handled,712
1517,2026-09-06T10:17:41Z,INFO,api-5,request handled,719
1518,2026-09-07T10:18:54Z,INFO,api-6,request handled,726
1519,2026-09-08T10:19:07Z,INFO,api-7,request handled,733
1520,2026-09-01T10:20:20Z,INFO,api-8,request handled,740
1521,2026-09-02T10:21:33Z,INFO,api-9,request handled,747
1522,2026-09-03T10:22:46Z,INFO,api-10,request handled,754
1523,2026-09-04T10:23:59Z,INFO,api-11,request handled,761
1524,2026-09-05T10:24:12Z,INFO,api-0,request handled,768
1525,2026-09-06T10:25:25Z,INFO,api-1,request handled,775
1526,2026-09-07T10:26:38Z,INFO,api-2,request handled,782
1527,2026-09-08T10:27:51Z,INFO,api-3,request handled,789
1528,2026-09-01T10:28:04Z,INFO,api-4,request handled,796
1529,2026-09-02T10:29:17Z,INFO,api-5,request handled,803
1530,2026-09-03T10:30:30Z,INFO,api-6,request handled,810
1531,2026-09-04T10:31:43Z,INFO,api-7,request handled,817
1532,2026-09-05T10:32:56Z,INFO,api-8,request handled,824
1533,2026-09-06T10:33:09Z,INFO,api-9,request handled,831
1534,2026-09-07T10:34:22Z,INFO,api-10,request handled,838
1535,2026-09-08T10:35:35Z,INFO,api-11,request handled,845
1536,2026-09-01T10:36:48Z,INFO,api-0,request handled,852
1537,2026-09-02T10:37:01Z,INFO,api-1,request handled,859
1538,2026-09-03T10:38:14Z,INFO,api-2,request handled,866
1539,2026-09-04T10:39:27Z,INFO,api-3,request handled,873
1540,2026-09-05T10:40:40Z,INFO,api-4,request handled,880
1541,2026-09-06T10:41:53Z,INFO,api-5,request handled,887
1542,2026-09-07T10:42:06Z,INFO,api-6,request handled,894
1543,2026-09-08T10:43:19Z,INFO,api-7,request handled,1
1544,2026-09-01T10:44:32Z,INFO,api-8,request handled,8
1545,2026-09-02T10:45:45Z,INFO,api-9,request handled,15
1546,2026-09-03T10:46:58Z,INFO,api-10,request handled,22
1547,2026-09-04T10:47:11Z,INFO,api-11,request handled,29
1548,2026-09-05T10:48:24Z,INFO,api-0,request handled,36
1549,2026-09-06T10:49:37Z,INFO,api-1,request handled,43
1550,2026-09-07T10:50:50Z,INFO,api-2,request handled,50
1551,2026-09-08T10:51:03Z,INFO,api-3,request handled,57
1552,2026-09-01T10:52:16Z,WARN,api-4,request handled,64
1553,2026-09-02T10:53:29Z,INFO,api-5,request handled,71
1554,2026-09-03T10:54:42Z,INFO,api-6,request handled,78
1555,2026-09-04T10:55:55Z,INFO,api-7,request handled,85
1556,2026-09-05T10:56:08Z,INFO,api-8,request handled,92
1557,2026-09-06T10:57:21Z,INFO,api-9,request handled,99
1558,2026-09-07T10:58:34Z,INFO,api-10,request handled,106
1559,2026-09-08T10:59:47Z,INFO,api-11,request handled,113
1560,2026-09-01T10:00:00Z,INFO,api-0,request handled,120
1561,2026-09-02T10:01:13Z,INFO,api-1,request handled,127
1562,2026-09-03T10:02:26Z,INFO,api-2,request handled,134
1563,2026-09-04T10:03:39Z,INFO,api-3,request handled,141
1564,2026-09-05T10:04:52Z,INFO,api-4,request handled,148
1565,2026-09-06T10:05:05Z,INFO,api-5,request handled,155
1566,2026-09-07T10:06:18Z,INFO,api-6,request handled,162
1567,2026-09-08T10:07:31Z,INFO,api-7,request handled,169
1568,2026-09-01T10:08:44Z,INFO,api-8,request handled,176
1569,2026-09-02T10:09:57Z,INFO,api-9,request handled,183
1570,2026-09-03T10:10:10Z,INFO,api-10,request handled,190
1571,2026-09-04T10:11:23Z,INFO,api-11,request handled,197
1572,2026-09-05T10:12:36Z,INFO,api-0,request handled,204
1573,2026-09-06T10:13:49Z,INFO,api-1,request handled,211
1574,2026-09-07T10:14:02Z,INFO,api-2,request handled,218
1575,2026-09-08T10:15:15Z,INFO,api-3,request handled,225
1576,2026-09-01T10:16:28Z,INFO,api-4,request handled,232
1577,2026-09-02T10:17:41Z,INFO,api-5,request handled,239
1578,2026-09-03T10:18:54Z,INFO,api-6,request handled,246
1579,2026-09-04T10:19:07Z,INFO,api-7,request handled,253
1580,2026-09-05T10:20:20Z,INFO,api-8,request handled,260
1581,2026-09-06T10:21:33Z,INFO,api-9,request handled,267
1582,2026-09-07T10:22:46Z,INFO,api-10,request handled,274
1583,2026-09-08T10:23:59Z,INFO,api-11,request handled,281
1584,2026-09-01T10:24:12Z,INFO,api-0,request handled,288
1585,2026-09-02T10:25:25Z,INFO,api-1,request handled,295
1586,2026-09-03T10:26:38Z,INFO,api-2,request handled,302
1587,2026-09-04T10:27:51Z,INFO,api-3,request handled,309
1588,2026-09-05T10:28:04Z,INFO,api-4,request handled,316
1589,2026-09-06T10:29:17Z,INFO,api-5,request handled,323
1590,2026-09-07T10:30:30Z,INFO,api-6,request handled,330
1591,2026-09-08T10:31:43Z,INFO,api-7,request handled,337
1592,2026-09-01T10:32:56Z,INFO,api-8,request handled,344
1593,2026-09-02T10:33:09Z,INFO,api-9,request handled,351
1594,2026-09-03T10:34:22Z,INFO,api-10,request handled,358
1595,2026-09-04T10:35:35Z,INFO,api-11,request handled,365
1596,2026-09-05T10:36:48Z,INFO,api-0,request handled,372
1597,2026-09-06T10:37:01Z,INFO,api-1,request handled,379
1598,2026-09-07T10:38:14Z,INFO,api-2,request handled,386
1599,2026-09-08T10:39:27Z,INFO,api-3,request handled,393
1600,2026-09-01T10:40:40Z,INFO,api-4,request handled,400
1601,2026-09-02T10:41:53Z,INFO,api-5,request handled,407
1602,2026-09-03T10:42:06Z,INFO,api-6,request handled,414
1603,2026-09-04T10:43:19Z,INFO,api-7,request handled,421
1604,2026-09-05T10:44:32Z,INFO,api-8,request handled,428
1605,2026-09-06T10:45:45Z,INFO,api-9,request handled,435
1606,2026-09-07T10:46:58Z,INFO,api-10,request handled,442
1607,2026-09-08T10:47:11Z,INFO,api-11,request handled,449
1608,2026-09-01T10:48:24Z,INFO,api-0,request handled,456
1609,2026-09-02T10:49:37Z,INFO,api-1,request handled,463
1610,2026-09-03T10:50:50Z,INFO,api-2,request handled,470
1611,2026-09-04T10:51:03Z,INFO,api-3,request handled,477
1612,2026-09-05T10:52:16Z,INFO,api-4,request handled,484
1613,2026-09-06T10:53:29Z,INFO,api-5,request handled,491
1614,2026-09-07T10:54:42Z,INFO,api-6,request handled,498
1615,2026-09-08T10:55:55Z,INFO,api-7,request handled,505
1616,2026-09-01T10:56:08Z,INFO,api-8,request handled,512
1617,2026-09-02T10:57:21Z,INFO,api-9,request handled,519
1618,2026-09-03T10:58:34Z,INFO,api-10,request handled,526
1619,2026-09-04T10:59:47Z,INFO,api-11,request handled,533
1620,2026-09-05T10:00:00Z,INFO,api-0,request handled,540
1621,2026-09-06T10:01:13Z,INFO,api-1,request handled,547
1622,2026-09-07T10:02:26Z,INFO,api-2,request handled,554
1623,2026-09-08T10:03:39Z,INFO,api-3,request handled,561
1624,2026-09-01T10:04:52Z,INFO,api-4,request handled,568
1625,2026-09-02T10:05:05Z,INFO,api-5,request handled,575
1626,2026-09-03T10:06:18Z,INFO,api-6,request handled,582
1627,2026-09-04T10:07:31Z,INFO,api-7,request handled,589
1628,2026-09-05T10:08:44Z,INFO,api-8,request handled,596
1629,2026-09-06T10:09:57Z,INFO,api-9,request handled,603
1630,2026-09-07T10:10:10Z,INFO,api-10,request handled,610
1631,2026-09-08T10:11:23Z,INFO,api-11,request handled,617
1632,2026-09-01T10:12:36Z,INFO,api-0,request handled,624
1633,2026-09-02T10:13:49Z,INFO,api-1,request handled,631
1634,2026-09-03T10:14:02Z,INFO,api-2,request handled,638
1635,2026-09-04T10:15:15Z,INFO,api-3,request handled,645
1636,2026-09-05T10:16:28Z,INFO,api-4,request handled,652
1637,2026-09-06T10:17:41Z,INFO,api-5,request handled,659
1638,2026-09-07T10:18:54Z,INFO,api-6,request handled,666
1639,2026-09-08T10:19:07Z,INFO,api-7,request handled,673
1640,2026-09-01T10:20:20Z,INFO,api-8,request handled,680
1641,2026-09-02T10:21:33Z,INFO,api-9,request handled,687
1642,2026-09-03T10:22:46Z,INFO,api-10,request handled,694
1643,2026-09-04T10:23:59Z,INFO,api-11,request handled,701
1644,2026-09-05T10:24:12Z,INFO,api-0,request handled,708
1645,2026-09-06T10:25:25Z,INFO,api-1,request handled,715
1646,2026-09-07T10:26:38Z,INFO,api-2,request handled,722
1647,2026-09-08T10:27:51Z,INFO,api-3,request handled,729
1648,2026-09-01T10:28:04Z,INFO,api-4,request handled,736
1649,2026-09-02T10:29:17Z,WARN,api-5,request handled,743
1650,2026-09-03T10:30:30Z,INFO,api-6,request handled,750
1651,2026-09-04T10:31:43Z,INFO,api-7,request handled,757
1652,2026-09-05T10:32:56Z,INFO,api-8,request handled,764
1653,2026-09-06T10:33:09Z,INFO,api-9,request handled,771
1654,2026-09-07T10:34:22Z,INFO,api-10,request handled,778
1655,2026-09-08T10:35:35Z,INFO,api-11,request handled,785
1656,2026-09-01T10:36:48Z,INFO,api-0,request handled,792
1657,2026-09-02T10:37:01Z,INFO,api-1,request handled,799
1658,2026-09-03T10:38:14Z,INFO,api-2,request handled,806
1659,2026-09-04T10:39:27Z,INFO,api-3,request handled,813
1660,2026-09-05T10:40:40Z,INFO,api-4,request handled,820
1661,2026-09-06T10:41:53Z,INFO,api-5,request handled,827
1662,2026-09-07T10:42:06Z,INFO,api-6,request handled,834
1663,2026-09-08T10:43:19Z,INFO,api-7,request handled,841
1664,2026-09-01T10:44:32Z,INFO,api-8,request handled,848
1665,2026-09-02T10:45:45Z,INFO,api-9,request handled,855
1666,2026-09-03T10:46:58Z,INFO,api-10,request handled,862
1667,2026-09-04T10:47:11Z,INFO,api-11,request handled,869
1668,2026-09-05T10:48:24Z,INFO,api-0,request handled,876
1669,2026-09-06T10:49:37Z,INFO,api-1,request handled,883
1670,2026-09-07T10:50:50Z,INFO,api-2,request handled,890
1671,2026-09-08T10:51:03Z,INFO,api-3,request handled,897
1672,2026-09-01T10:52:16Z,INFO,api-4,request handled,4
1673,2026-09-02T10:53:29Z,INFO,api-5,request handled,11
1674,2026-09-03T10:54:42Z,INFO,api-6,request handled,18
1675,2026-09-04T10:55:55Z,INFO,api-7,request handled,25
1676,2026-09-05T10:56:08Z,INFO,api-8,request handled,32
1677,2026-09-06T10:57:21Z,INFO,api-9,request handled,39
1678,2026-09-07T10:58:34Z,INFO,api-10,request handled,46
1679,2026-09-08T10:59:47Z,INFO,api-11,request handled,53
1680,2026-09-01T10:00:00Z,INFO,api-0,request handled,60
1681,2026-09-02T10:01:13Z,INFO,api-1,request handled,67
1682,2026-09-03T10:02:26Z,INFO,api-2,request handled,74
1683,2026-09-04T10:03:39Z,INFO,api-3,request handled,81
1684,2026-09-05T10:04:52Z,INFO,api-4,request handled,88
1685,2026-09-06T10:05:05Z,INFO,api-5,request handled,95
1686,2026-09-07T10:06:18Z,INFO,api-6,request handled,102
1687,2026-09-08T10:07:31Z,INFO,api-7,request handled,109
1688,2026-09-01T10:08:44Z,INFO,api-8,request handled,116
1689,2026-09-02T10:09:57Z,INFO,api-9,request handled,123
1690,2026-09-03T10:10:10Z,INFO,api-10,request handled,130
1691,2026-09-04T10:11:23Z,INFO,api-11,request handled,137
1692,2026-09-05T10:12:36Z,INFO,api-0,request handled,144
1693,2026-09-06T10:13:49Z,INFO,api-1,request handled,151
1694,2026-09-07T10:14:02Z,INFO,api-2,request handled,158
1695,2026-09-08T10:15:15Z,INFO,api-3,request handled,165
1696,2026-09-01T10:16:28Z,INFO,api-4,request handled,172
1697,2026-09-02T10:17:41Z,INFO,api-5,request handled,179
1698,2026-09-03T10:18:54Z,INFO,api-6,request handled,186
1699,2026-09-04T10:19:07Z,INFO,api-7,request handled,193
1700,2026-09-05T10:20:20Z,INFO,api-8,request handled,200
1701,2026-09-06T10:21:33Z,INFO,api-9,request handled,207
1702,2026-09-07T10:22:46Z,INFO,api-10,request handled,214
1703,2026-09-08T10:23:59Z,INFO,api-11,request handled,221
1704,2026-09-01T10:24:12Z,INFO,api-0,request handled,228
1705,2026-09-02T10:25:25Z,INFO,api-1,request handled,235
1706,2026-09-03T10:26:38Z,INFO,api-2,request handled,242
1707,2026-09-04T10:27:51Z,INFO,api-3,request handled,249
1708,2026-09-05T10:28:04Z,INFO,api-4,request handled,256
1709,2026-09-06T10:29:17Z,INFO,api-5,request handled,263
1710,2026-09-07T10:30:30Z,INFO,api-6,request handled,270
1711,2026-09-08T10:31:43Z,INFO,api-7,request handled,277
1712,2026-09-01T10:32:56Z,INFO,api-8,request handled,284
1713,2026-09-02T10:33:09Z,INFO,api-9,request handled,291
1714,2026-09-03T10:34:22Z,INFO,api-10,request handled,298
1715,2026-09-04T10:35:35Z,INFO,api-11,request handled,305
1716,2026-09-05T10:36:48Z,INFO,api-0,request handled,312
1717,2026-09-06T10:37:01Z,INFO,api-1,request handled,319
1718,2026-09-07T10:38:14Z,INFO,api-2,request handled,326
1719,2026-09-08T10:39:27Z,INFO,api-3,request handled,333
1720,2026-09-01T10:40:40Z,INFO,api-4,request handled,340
1721,2026-09-02T10:41:53Z,INFO,api-5,request handled,347
1722,2026-09-03T10:42:06Z,INFO,api-6,request handled,354
1723,2026-09-04T10:43:19Z,INFO,api-7,request handled,361
1724,2026-09-05T10:44:32Z,INFO,api-8,request handled,368
1725,2026-09-06T10:45:45Z,INFO,api-9,request handled,375
1726,2026-09-07T10:46:58Z,INFO,api-10,request handled,382
1727,2026-09-08T10:47:11Z,INFO,api-11,request handled,389
1728,2026-09-01T10:48:24Z,INFO,api-0,request handled,396
1729,2026-09-02T10:49:37Z,INFO,api-1,request handled,403
1730,2026-09-03T10:50:50Z,INFO,api-2,request handled,410
1731,2026-09-04T10:51:03Z,INFO,api-3,request handled,417
1732,2026-09-05T10:52:16Z,INFO,api-4,request handled,424
1733,2026-09-06T10:53:29Z,INFO,api-5,request handled,431
1734,2026-09-07T10:54:42Z,INFO,api-6,request handled,438
1735,2026-09-08T10:55:55Z,INFO,api-7,request handled,445
1736,2026-09-01T10:56:08Z,INFO,api-8,request handled,452
1737,2026-09-02T10:57:21Z,INFO,api-9,request handled,459
1738,2026-09-03T10:58:34Z,INFO,api-10,request handled,466
1739,2026-09-04T10:59:47Z,INFO,api-11,request handled,473
1740,2026-09-05T10:00:00Z,INFO,api-0,request handled,480
1741,2026-09-06T10:01:13Z,INFO,api-1,request handled,487
1742,2026-09-07T10:02:26Z,INFO,api-2,request handled,494
1743,2026-09-08T10:03:39Z,INFO,api-3,request handled,501
1744,2026-09-01T10:04:52Z,INFO,api-4,request handled,508
1745,2026-09-02T10:05:05Z,INFO,api-5,request handled,515
1746,2026-09-03T10:06:18Z,WARN,api-6,request handled,522
1747,2026-09-04T10:07:31Z,INFO,api-7,request handled,529
1748,2026-09-05T10:08:44Z,INFO,api-8,request handled,536
1749,2026-09-06T10:09:57Z,INFO,api-9,request handled,543
1750,2026-09-07T10:10:10Z,INFO,api-10,request handled,550
1751,2026-09-08T10:11:23Z,INFO,api-11,request handled,557
1752,2026-09-01T10:12:36Z,INFO,api-0,request handled,564
1753,2026-09-02T10:13:49Z,INFO,api-1,request handled,571
1754,2026-09-03T10:14:02Z,INFO,api-2,request handled,578
1755,2026-09-04T10:15:15Z,INFO,api-3,request handled,585
1756,2026-09-05T10:16:28Z,INFO,api-4,request handled,592
1757,2026-09-06T10:17:41Z,INFO,api-5,request handled,599
1758,2026-09-07T10:18:54Z,INFO,api-6,request handled,606
1759,2026-09-08T10:19:07Z,INFO,api-7,request handled,613
1760,2026-09-01T10:20:20Z,INFO,api-8,request handled,620
1761,2026-09-02T10:21:33Z,INFO,api-9,request handled,627
1762,2026-09-03T10:22:46Z,INFO,api-10,request handled,634
1763,2026-09-04T10:23:59Z,INFO,api-11,request handled,641
1764,2026-09-05T10:24:12Z,INFO,api-0,request handled,648
1765,2026-09-06T10:25:25Z,INFO,api-1,request handled,655
1766,2026-09-07T10:26:38Z,INFO,api-2,request handled,662
1767,2026-09-08T10:27:51Z,INFO,api-3,request handled,669
1768,2026-09-01T10:28:04Z,INFO,api-4,request handled,676
1769,2026-09-02T10:29:17Z,INFO,api-5,request handled,683
1770,2026-09-03T10:30:30Z,INFO,api-6,request handled,690
1771,2026-09-04T10:31:43Z,INFO,api-7,request handled,697
1772,2026-09-05T10:32:56Z,INFO,api-8,request handled,704
1773,2026-09-06T10:33:09Z,INFO,api-9,request handled,711
1774,2026-09-07T10:34:22Z,INFO,api-10,request handled,718
1775,2026-09-08T10:35:35Z,INFO,api-11,request handled,725
1776,2026-09-01T10:36:48Z,INFO,api-0,request handled,732
1777,2026-09-02T10:37:01Z,INFO,api-1,request handled,739
1778,2026-09-03T10:38:14Z,INFO,api-2,request handled,746
1779,2026-09-04T10:39:27Z,INFO,api-3,request handled,753
1780,2026-09-05T10:40:40Z,INFO,api-4,request handled,760
1781,2026-09-06T10:41:53Z,INFO,api-5,request handled,767
1782,2026-09-07T10:42:06Z,INFO,api-6,request handled,774
1783,2026-09-08T10:43:19Z,INFO,api-7,request handled,781
1784,2026-09-01T10:44:32Z,INFO,api-8,request handled,788
1785,2026-09-02T10:45:45Z,INFO,api-9,request handled,795
1786,2026-09-03T10:46:58Z,INFO,api-10,request handled,802
1787,2026-09-04T10:47:11Z,INFO,api-11,request handled,809
1788,2026-09-05T10:48:24Z,INFO,api-0,request handled,816
1789,2026-09-06T10:49:37Z,INFO,api-1,request handled,823
1790,2026-09-07T10:50:50Z,INFO,api-2,request handled,830
1791,2026-09-08T10:51:03Z,INFO,api-3,request handled,837
1792,2026-09-01T10:52:16Z,INFO,api-4,request handled,844
1793,2026-09-02T10:53:29Z,INFO,api-5,request handled,851
1794,2026-09-03T10:54:42Z,INFO,api-6,request handled,858
1795,2026-09-04T10:55:55Z,INFO,api-7,request handled,865
1796,2026-09-05T10:56:08Z,INFO,api-8,request handled,872
1797,2026-09-06T10:57:21Z,INFO,api-9,request handled,879
1798,2026-09-07T10:58:34Z,INFO,api-10,request handled,886
1799,2026-09-08T10:59:47Z,INFO,api-11,request handled,893
1800,2026-09-01T10:00:00Z,INFO,api-0,request handled,0
1801,2026-09-02T10:01:13Z,INFO,api-1,request handled,7
1802,2026-09-03T10:02:26Z,INFO,api-2,request handled,14
1803,2026-09-04T10:03:39Z,INFO,api-3,request handled,21
1804,2026-09-05T10:04:52Z,INFO,api-4,request handled,28
1805,2026-09-06T10:05:05Z,INFO,api-5,request handled,35
1806,2026-09-07T10:06:18Z,INFO,api-6,request handled,42
1807,2026-09-08T10:07:31Z,INFO,api-7,request handled,49
1808,2026-09-01T10:08:44Z,INFO,api-8,request handled,56
1809,2026-09-02T10:09:57Z,INFO,api-9,request handled,63
1810,2026-09-03T10:10:10Z,INFO,api-10,request handled,70
1811,2026-09-04T10:11:23Z,INFO,api-11,request handled,77
1812,2026-09-05T10:12:36Z,INFO,api-0,request handled,84
1813,2026-09-06T10:13:49Z,INFO,api-1,request handled,91
1814,2026-09-07T10:14:02Z,INFO,api-2,request handled,98
1815,2026-09-08T10:15:15Z,INFO,api-3,request handled,105
1816,2026-09-01T10:16:28Z,INFO,api-4,request handled,112
1817,2026-09-02T10:17:41Z,INFO,api-5,request handled,119
1818,2026-09-03T10:18:54Z,INFO,api-6,request handled,126
1819,2026-09-04T10:19:07Z,INFO,api-7,request handled,133
1820,2026-09-05T10:20:20Z,INFO,api-8,request handled,140
1821,2026-09-06T10:21:33Z,INFO,api-9,request handled,147
1822,2026-09-07T10:22:46Z,INFO,api-10,request handled,154
1823,2026-09-08T10:23:59Z,INFO,api-11,request handled,161
1824,2026-09-01T10:24:12Z,INFO,api-0,request handled,168
1825,2026-09-02T10:25:25Z,INFO,api-1,request handled,175
1826,2026-09-03T10:26:38Z,INFO,api-2,request handled,182
1827,2026-09-04T10:27:51Z,INFO,api-3,request handled,189
1828,2026-09-05T10:28:04Z,INFO,api-4,request handled,196
1829,2026-09-06T10:29:17Z,INFO,api-5,request handled,203
1830,2026-09-07T10:30:30Z,INFO,api-6,request handled,210
1831,2026-09-08T10:31:43Z,INFO,api-7,request handled,217
1832,2026-09-01T10:32:56Z,INFO,api-8,request handled,224
1833,2026-09-02T10:33:09Z,INFO,api-9,request handled,231
1834,2026-09-03T10:34:22Z,INFO,api-10,request handled,238
1835,2026-09-04T10:35:35Z,INFO,api-11,request handled,245
1836,2026-09-05T10:36:48Z,INFO,api-0,request handled,252
1837,2026-09-06T10:37:01Z,INFO,api-1,request handled,259
1838,2026-09-07T10:38:14Z,INFO,api-2,request handled,266
1839,2026-09-08T10:39:27Z,INFO,api-3,request handled,273
1840,2026-09-01T10:40:40Z,INFO,api-4,request handled,280
1841,2026-09-02T10:41:53Z,INFO,api-5,request handled,287
1842,2026-09-03T10:42:06Z,INFO,api-6,request handled,294
1843,2026-09-04T10:43:19Z,WARN,api-7,request handled,301
1844,2026-09-05T10:44:32Z,INFO,api-8,request handled,308
1845,2026-09-06T10:45:45Z,INFO,api-9,request handled,315
1846,2026-09-07T10:46:58Z,INFO,api-10,request handled,322
1847,2026-09-08T10:47:11Z,INFO,api-11,request handled,329
1848,2026-09-01T10:48:24Z,INFO,api-0,request handled,336
1849,2026-09-02T10:49:37Z,INFO,api-1,request handled,343
1850,2026-09-03T10:50:50Z,INFO,api-2,request handled,350
1851,2026-09-04T10:51:03Z,INFO,api-3,request handled,357
1852,2026-09-05T10:52:16Z,INFO,api-4,request handled,364
1853,2026-09-06T10:53:29Z,INFO,api-5,request handled,371
1854,2026-09-07T10:54:42Z,INFO,api-6,request handled,378
1855,2026-09-08T10:55:55Z,INFO,api-7,request handled,385
1856,2026-09-01T10:56:08Z,INFO,api-8,request handled,392
1857,2026-09-02T10:57:21Z,INFO,api-9,request handled,399
1858,2026-09-03T10:58:34Z,INFO,api-10,request handled,406
1859,2026-09-04T10:59:47Z,INFO,api-11,request handled,413
1860,2026-09-05T10:00:00Z,INFO,api-0,request handled,420
1861,2026-09-06T10:01:13Z,INFO,api-1,request handled,427
1862,2026-09-07T10:02:26Z,INFO,api-2,request handled,434
1863,2026-09-08T10:03:39Z,INFO,api-3,request handled,441
1864,2026-09-01T10:04:52Z,INFO,api-4,request handled,448
1865,2026-09-02T10:05:05Z,INFO,api-5,request handled,455
1866,2026-09-03T10:06:18Z,INFO,api-6,request handled,462
1867,2026-09-04T10:07:31Z,INFO,api-7,request handled,469
1868,2026-09-05T10:08:44Z,INFO,api-8,request handled,476
1869,2026-09-06T10:09:57Z,INFO,api-9,request handled,483
1870,2026-09-07T10:10:10Z,INFO,api-10,request handled,490
1871,2026-09-08T10:11:23Z,INFO,api-11,request handled,497
1872,2026-09-01T10:12:36Z,INFO,api-0,request handled,504
1873,2026-09-02T10:13:49Z,INFO,api-1,request handled,511
1874,2026-09-03T10:14:02Z,INFO,api-2,request handled,518
1875,2026-09-04T10:15:15Z,INFO,api-3,request handled,525
1876,2026-09-05T10:16:28Z,INFO,api-4,request handled,532
1877,2026-09-06T10:17:41Z,INFO,api-5,request handled,539
1878,2026-09-07T10:18:54Z,INFO,api-6,request handled,546
1879,2026-09-08T10:19:07Z,INFO,api-7,request handled,553
1880,2026-09-01T10:20:20Z,INFO,api-8,request handled,560
1881,2026-09-02T10:21:33Z,INFO,api-9,request handled,567
1882,2026-09-03T10:22:46Z,INFO,api-10,request handled,574
1883,2026-09-04T10:23:59Z,INFO,api-11,request handled,581
1884,2026-09-05T10:24:12Z,INFO,api-0,request handled,588
1885,2026-09-06T10:25:25Z,INFO,api-1,request handled,595
1886,2026-09-07T10:26:38Z,INFO,api-2,request handled,602
1887,2026-09-08T10:27:51Z,INFO,api-3,request handled,609
1888,2026-09-01T10:28:04Z,INFO,api-4,request handled,616
1889,2026-09-02T10:29:17Z,INFO,api-5,request handled,623
1890,2026-09-03T10:30:30Z,INFO,api-6,request handled,630
1891,2026-09-04T10:31:43Z,INFO,api-7,request handled,637
1892,2026-09-05T10:32:56Z,INFO,api-8,request handled,644
1893,2026-09-06T10:33:09Z,INFO,api-9,request handled,651
1894,2026-09-07T10:34:22Z,INFO,api-10,request handled,658
1895,2026-09-08T10:35:35Z,INFO,api-11,request handled,665
1896,2026-09-01T10:36:48Z,INFO,api-0,request handled,672
1897,2026-09-02T10:37:01Z,INFO,api-1,request handled,679
1898,2026-09-03T10:38:14Z,INFO,api-2,request handled,686
1899,2026-09-04T10:39:27Z,INFO,api-3,request handled,693
1900,2026-09-05T10:40:40Z,INFO,api-4,request handled,700
1901,2026-09-06T10:41:53Z,INFO,api-5,request handled,707
1902,2026-09-07T10:42:06Z,INFO,api-6,request handled,714
1903,2026-09-08T10:43:19Z,INFO,api-7,request handled,721
1904,2026-09-01T10:44:32Z,INFO,api-8,request handled,728
1905,2026-09-02T10:45:45Z,INFO,api-9,request handled,735
1906,2026-09-03T10:46:58Z,INFO,api-10,request handled,742
1907,2026-09-04T10:47:11Z,INFO,api-11,request handled,749
1908,2026-09-05T10:48:24Z,INFO,api-0,request handled,756
1909,2026-09-06T10:49:37Z,INFO,api-1,request handled,763
1910,2026-09-07T10:50:50Z,INFO,api-2,request handled,770
1911,2026-09-08T10:51:03Z,INFO,api-3,request handled,777
1912,2026-09-01T10:52:16Z,INFO,api-4,request handled,784
1913,2026-09-02T10:53:29Z,INFO,api-5,request handled,791
1914,2026-09-03T10:54:42Z,INFO,api-6,request handled,798
1915,2026-09-04T10:55:55Z,INFO,api-7,request handled,805
1916,2026-09-05T10:56:08Z,INFO,api-8,request handled,812
1917,2026-09-06T10:57:21Z,INFO,api-9,request handled,819
1918,2026-09-07T10:58:34Z,INFO,api-10,request handled,826
1919,2026-09-08T10:59:47Z,INFO,api-11,request handled,833
1920,2026-09-01T10:00:00Z,INFO,api-0,request handled,840
1921,2026-09-02T10:01:13Z,INFO,api-1,request handled,847
1922,2026-09-03T10:02:26Z,INFO,api-2,request handled,854
1923,2026-09-04T10:03:39Z,INFO,api-3,request handled,861
1924,2026-09-05T10:04:52Z,INFO,api-4,request handled,868
1925,2026-09-06T10:05:05Z,INFO,api-5,request handled,875
1926,2026-09-07T10:06:18Z,INFO,api-6,request handled,882
1927,2026-09-08T10:07:31Z,INFO,api-7,request handled,889
1928,2026-09-01T10:08:44Z,INFO,api-8,request handled,896
1929,2026-09-02T10:09:57Z,INFO,api-9,request handled,3
1930,2026-09-03T10:10:10Z,INFO,api-10,request handled,10
1931,2026-09-04T10:11:23Z,INFO,api-11,request handled,17
1932,2026-09-05T10:12:36Z,INFO,api-0,request handled,24
1933,2026-09-06T10:13:49Z,INFO,api-1,request handled,31
1934,2026-09-07T10:14:02Z,INFO,api-2,request handled,38
1935,2026-09-08T10:15:15Z,INFO,api-3,request handled,45
1936,2026-09-01T10:16:28Z,INFO,api-4,request handled,52
1937,2026-09-02T10:17:41Z,INFO,api-5,request handled,59
1938,2026-09-03T10:18:54Z,INFO,api-6,request handled,66
1939,2026-09-04T10:19:07Z,INFO,api-7,request handled,73
1940,2026-09-05T10:20:20Z,WARN,api-8,request handled,80
1941,2026-09-06T10:21:33Z,INFO,api-9,request handled,87
1942,2026-09-07T10:22:46Z,INFO,api-10,request handled,94
1943,2026-09-08T10:23:59Z,INFO,api-11,request handled,101
1944,2026-09-01T10:24:12Z,INFO,api-0,request handled,108
1945,2026-09-02T10:25:25Z,INFO,api-1,request handled,115
1946,2026-09-03T10:26:38Z,INFO,api-2,request handled,122
1947,2026-09-04T10:27:51Z,INFO,api-3,request handled,129
1948,2026-09-05T10:28:04Z,INFO,api-4,request handled,136
1949,2026-09-06T10:29:17Z,INFO,api-5,request handled,143
1950,2026-09-07T10:30:30Z,INFO,api-6,request handled,150
1951,2026-09-08T10:31:43Z,INFO,api-7,request handled,157
1952,2026-09-01T10:32:56Z,INFO,api-8,request handled,164
1953,2026-09-02T10:33:09Z,INFO,api-9,request handled,171
1954,2026-09-03T10:34:22Z,INFO,api-10,request handled,178
1955,2026-09-04T10:35:35Z,INFO,api-11,request handled,185
1956,2026-09-05T10:36:48Z,INFO,api-0,request handled,192
1957,2026-09-06T10:37:01Z,INFO,api-1,request handled,199
1958,2026-09-07T10:38:14Z,INFO,api-2,request handled,206
1959,2026-09-08T10:39:27Z,INFO,api-3,request handled,213
1960,2026-09-01T10:40:40Z,INFO,api-4,request handled,220
1961,2026-09-02T10:41:53Z,INFO,api-5,request handled,227
1962,2026-09-03T10:42:06Z,INFO,api-6,request handled,234
1963,2026-09-04T10:43:19Z,INFO,api-7,request handled,241
1964,2026-09-05T10:44:32Z,INFO,api-8,request handled,248
1965,2026-09-06T10:45:45Z,INFO,api-9,request handled,255
1966,2026-09-07T10:46:58Z,INFO,api-10,request handled,262
1967,2026-09-08T10:47:11Z,INFO,api-11,request handled,269
1968,2026-09-01T10:48:24Z,INFO,api-0,request handled,276
1969,2026-09-02T10:49:37Z,INFO,api-1,request handled,283
1970,2026-09-03T10:50:50Z,INFO,api-2,request handled,290
1971,2026-09-04T10:51:03Z,INFO,api-3,request handled,297
1972,2026-09-05T10:52:16Z,INFO,api-4,request handled,304
1973,2026-09-06T10:53:29Z,INFO,api-5,request handled,311
1974,2026-09-07T10:54:42Z,INFO,api-6,request handled,318
1975,2026-09-08T10:55:55Z,INFO,api-7,request handled,325
1976,2026-09-01T10:56:08Z,INFO,api-8,request handled,332
1977,2026-09-02T10:57:21Z,INFO,api-9,request handled,339
1978,2026-09-03T10:58:34Z,INFO,api-10,request handled,346
1979,2026-09-04T10:59:47Z,INFO,api-11,request handled,353
1980,2026-09-05T10:00:00Z,INFO,api-0,request handled,360
1981,2026-09-06T10:01:13Z,INFO,api-1,request handled,367
1982,2026-09-07T10:02:26Z,INFO,api-2,request handled,374
1983,2026-09-08T10:03:39Z,INFO,api-3,request handled,381
1984,2026-09-01T10:04:52Z,INFO,api-4,request handled,388
1985,2026-09-02T10:05:05Z,INFO,api-5,request handled,395
1986,2026-09-03T10:06:18Z,INFO,api-6,request handled,402
1987,2026-09-04T10:07:31Z,INFO,api-7,request handled,409
1988,2026-09-05T10:08:44Z,INFO,api-8,request handled,416
1989,2026-09-06T10:09:57Z,INFO,api-9,request handled,423
1990,2026-09-07T10:10:10Z,INFO,api-10,request handled,430
1991,2026-09-08T10:11:23Z,INFO,api-11,request handled,437
1992,2026-09-01T10:12:36Z,INFO,api-0,request handled,444
1993,2026-09-02T10:13:49Z,INFO,api-1,request handled,451
1994,2026-09-03T10:14:02Z,INFO,api-2,request handled,458
1995,2026-09-04T10:15:15Z,INFO,api-3,request handled,465
1996,2026-09-05T10:16:28Z,INFO,api-4,request handled,472
1997,2026-09-06T10:17:41Z,INFO,api-5,request handled,479
1998,2026-09-07T10:18:54Z,INFO,api-6,request handled,486
1999,2026-09-08T10:19:07Z,INFO,api-7,request handled,493
2000,2026-09-01T10:20:20Z,ERROR,api-8,request handled,500
2001,2026-09-02T10:21:33Z,INFO,api-9,request handled,507
2002,2026-09-03T10:22:46Z,INFO,api-10,request handled,514
2003,2026-09-04T10:23:59Z,INFO,api-11,request handled,521
2004,2026-09-05T10:24:12Z,INFO,api-0,request handled,528
2005,2026-09-06T10:25:25Z,INFO,api-1,request handled,535
2006,2026-09-07T10:26:38Z,INFO,api-2,request handled,542
2007,2026-09-08T10:27:51Z,INFO,api-3,request handled,549
2008,2026-09-01T10:28:04Z,INFO,api-4,request handled,556
2009,2026-09-02T10:29:17Z,INFO,api-5,request handled,563
2010,2026-09-03T10:30:30Z,INFO,api-6,request handled,570
2011,2026-09-04T10:31:43Z,INFO,api-7,request handled,577
2012,2026-09-05T10:32:56Z,INFO,api-8,request handled,584
2013,2026-09-06T10:33:09Z,INFO,api-9,request handled,591
2014,2026-09-07T10:34:22Z,INFO,api-10,request handled,598
2015,2026-09-08T10:35:35Z,INFO,api-11,request handled,605
2016,2026-09-01T10:36:48Z,INFO,api-0,request handled,612
2017,2026-09-02T10:37:01Z,INFO,api-1,request handled,619
2018,2026-09-03T10:38:14Z,INFO,api-2,request handled,626
2019,2026-09-04T10:39:27Z,INFO,api-3,request handled,633
2020,2026-09-05T10:40:40Z,INFO,api-4,request handled,640
2021,2026-09-06T10:41:53Z,INFO,api-5,request handled,647
2022,2026-09-07T10:42:06Z,INFO,api-6,request handled,654
2023,2026-09-08T10:43:19Z,INFO,api-7,request handled,661
2024,2026-09-01T10:44:32Z,INFO,api-8,request handled,668
2025,2026-09-02T10:45:45Z,INFO,api-9,request handled,675
2026,2026-09-03T10:46:58Z,INFO,api-10,request handled,682
2027,2026-09-04T10:47:11Z,INFO,api-11,request handled,689
2028,2026-09-05T10:48:24Z,INFO,api-0,request handled,696
2029,2026-09-06T10:49:37Z,INFO,api-1,request handled,703
2030,2026-09-07T10:50:50Z,INFO,api-2,request handled,710
2031,2026-09-08T10:51:03Z,INFO,api-3,request handled,717
2032,2026-09-01T10:52:16Z,INFO,api-4,request handled,724
2033,2026-09-02T10:53:29Z,INFO,api-5,request handled,731
2034,2026-09-03T10:54:42Z,INFO,api-6,request handled,738
2035,2026-09-04T10:55:55Z,INFO,api-7,request handled,745
2036,2026-09-05T10:56:08Z,INFO,api-8,request handled,752
2037,2026-09-06T10:57:21Z,WARN,api-9,request handled,759
2038,2026-09-07T10:58:34Z,INFO,api-10,request handled,766
2039,2026-09-08T10:59:47Z,INFO,api-11,request handled,773
2040,2026-09-01T10:00:00Z,INFO,api-0,request handled,780
2041,2026-09-02T10:01:13Z,INFO,api-1,request handled,787
2042,2026-09-03T10:02:26Z,INFO,api-2,request handled,794
2043,2026-09-04T10:03:39Z,INFO,api-3,request handled,801
2044,2026-09-05T10:04:52Z,INFO,api-4,request handled,808
2045,2026-09-06T10:05:05Z,INFO,api-5,request handled,815
2046,2026-09-07T10:06:18Z,INFO,api-6,request handled,822
2047,2026-09-08T10:07:31Z,INFO,api-7,request handled,829
2048,2026-09-01T10:08:44Z,INFO,api-8,request handled,836
2049,2026-09-02T10:09:57Z,INFO,api-9,request handled,843
2050,2026-09-03T10:10:10Z,INFO,api-10,request handled,850
2051,2026-09-04T10:11:23Z,INFO,api-11,request handled,857
2052,2026-09-05T10:12:36Z,INFO,api-0,request handled,864
2053,2026-09-06T10:13:49Z,INFO,api-1,request handled,871
2054,2026-09-07T10:14:02Z,INFO,api-2,request handled,878
2055,2026-09-08T10:15:15Z,INFO,api-3,request handled,885
2056,2026-09-01T10:16:28Z,INFO,api-4,request handled,892
2057,2026-09-02T10:17:41Z,INFO,api-5,request handled,899
2058,2026-09-03T10:18:54Z,INFO,api-6,request handled,6
2059,2026-09-04T10:19:07Z,INFO,api-7,request handled,13
2060,2026-09-05T10:20:20Z,INFO,api-8,request handled,20
2061,2026-09-06T10:21:33Z,INFO,api-9,request handled,27
2062,2026-09-07T10:22:46Z,INFO,api-10,request handled,34
2063,2026-09-08T10:23:59Z,INFO,api-11,request handled,41
2064,2026-09-01T10:24:12Z,INFO,api-0,request handled,48
2065,2026-09-02T10:25:25Z,INFO,api-1,request handled,55
2066,2026-09-03T10:26:38Z,INFO,api-2,request handled,62
2067,2026-09-04T10:27:51Z,INFO,api-3,request handled,69
2068,2026-09-05T10:28:04Z,INFO,api-4,request handled,76
2069,2026-09-06T10:29:17Z,INFO,api-5,request handled,83
2070,2026-09-07T10:30:30Z,INFO,api-6,request handled,90
2071,2026-09-08T10:31:43Z,INFO,api-7,request handled,97
2072,2026-09-01T10:32:56Z,INFO,api-8,request handled,104
2073,2026-09-02T10:33:09Z,INFO,api-9,request handled,111
2074,2026-09-03T10:34:22Z,INFO,api-10,request handled,118
2075,2026-09-04T10:35:35Z,INFO,api-11,request handled,125
2076,2026-09-05T10:36:48Z,INFO,api-0,request handled,132
2077,2026-09-06T10:37:01Z,INFO,api-1,request handled,139
2078,2026-09-07T10:38:14Z,INFO,api-2,request handled,146
2079,2026-09-08T10:39:27Z,INFO,api-3,request handled,153
2080,2026-09-01T10:40:40Z,INFO,api-4,request handled,160
2081,2026-09-02T10:41:53Z,INFO,api-5,request handled,167
2082,2026-09-03T10:42:06Z,INFO,api-6,request handled,174
2083,2026-09-04T10:43:19Z,INFO,api-7,request handled,181
2084,2026-09-05T10:44:32Z,INFO,api-8,request handled,188
2085,2026-09-06T10:45:45Z,INFO,api-9,request handled,195
2086,2026-09-07T10:46:58Z,INFO,api-10,request handled,202
2087,2026-09-08T10:47:11Z,INFO,api-11,request handled,209
2088,2026-09-01T10:48:24Z,INFO,api-0,request handled,216
2089,2026-09-02T10:49:37Z,INFO,api-1,request handled,223
2090,2026-09-03T10:50:50Z,INFO,api-2,request handled,230
2091,2026-09-04T10:51:03Z,INFO,api-3,request handled,237
2092,2026-09-05T10:52:16Z,INFO,api-4,request handled,244
2093,2026-09-06T10:53:29Z,INFO,api-5,request handled,251
2094,2026-09-07T10:54:42Z,INFO,api-6,request handled,258
2095,2026-09-08T10:55:55Z,INFO,api-7,request handled,265
2096,2026-09-01T10:56:08Z,INFO,api-8,request handled,272
2097,2026-09-02T10:57:21Z,INFO,api-9,request handled,279
2098,2026-09-03T10:58:34Z,INFO,api-10,request handled,286
2099,2026-09-04T10:59:47Z,INFO,api-11,request handled,293
2100,2026-09-05T10:00:00Z,INFO,api-0,request handled,300
2101,2026-09-06T10:01:13Z,INFO,api-1,request handled,307
2102,2026-09-07T10:02:26Z,INFO,api-2,request handled,314
2103,2026-09-08T10:03:39Z,INFO,api-3,request handled,321
2104,2026-09-01T10:04:52Z,INFO,api-4,request handled,328
2105,2026-09-02T10:05:05Z,INFO,api-5,request handled,335
2106,2026-09-03T10:06:18Z,INFO,api-6,request handled,342
2107,2026-09-04T10:07:31Z,INFO,api-7,request handled,349
2108,2026-09-05T10:08:44Z,INFO,api-8,request handled,356
2109,2026-09-06T10:09:57Z,INFO,api-9,request handled,363
2110,2026-09-07T10:10:10Z,INFO,api-10,request handled,370
2111,2026-09-08T10:11:23Z,INFO,api-11,request handled,377
2112,2026-09-01T10:12:36Z,INFO,api-0,request handled,384
2113,2026-09-02T10:13:49Z,INFO,api-1,request handled,391
2114,2026-09-03T10:14:02Z,INFO,api-2,request handled,398
2115,2026-09-04T10:15:15Z,INFO,api-3,request handled,405
2116,2026-09-05T10:16:28Z,INFO,api-4,request handled,412
2117,2026-09-06T10:17:41Z,INFO,api-5,request handled,419
2118,2026-09-07T10:18:54Z,INFO,api-6,request handled,426
2119,2026-09-08T10:19:07Z,INFO,api-7,request handled,433
2120,2026-09-01T10:20:20Z,INFO,api-8,request handled,440
2121,2026-09-02T10:21:33Z,INFO,api-9,request handled,447
2122,2026-09-03T10:22:46Z,INFO,api-10,request handled,454
2123,2026-09-04T10:23:59Z,INFO,api-11,request handled,461
2124,2026-09-05T10:24:12Z,INFO,api-0,request handled,468
2125,2026-09-06T10:25:25Z,INFO,api-1,request handled,475
2126,2026-09-07T10:26:38Z,INFO,api-2,request handled,482
2127,2026-09-08T10:27:51Z,INFO,api-3,request handled,489
2128,2026-09-01T10:28:04Z,INFO,api-4,request handled,496
2129,2026-09-02T10:29:17Z,INFO,api-5,request handled,503
2130,2026-09-03T10:30:30Z,INFO,api-6,request handled,510
2131,2026-09-04T10:31:43Z,INFO,api-7,request handled,517
2132,2026-09-05T10:32:56Z,INFO,api-8,request handled,524
2133,2026-09-06T10:33:09Z,INFO,api-9,request handled,531
2134,2026-09-07T10:34:22Z,WARN,api-10,request handled,538
2135,2026-09-08T10:35:35Z,INFO,api-11,request handled,545
2136,2026-09-01T10:36:48Z,INFO,api-0,request handled,552
2137,2026-09-02T10:37:01Z,INFO,api-1,request handled,559
2138,2026-09-03T10:38:14Z,INFO,api-2,request handled,566
2139,2026-09-04T10:39:27Z,INFO,api-3,request handled,573
2140,2026-09-05T10:40:40Z,INFO,api-4,request handled,580
2141,2026-09-06T10:41:53Z,INFO,api-5,request handled,587
2142,2026-09-07T10:42:06Z,INFO,api-6,request handled,594
2143,2026-09-08T10:43:19Z,INFO,api-7,request handled,601
2144,2026-09-01T10:44:32Z,INFO,api-8,request handled,608
2145,2026-09-02T10:45:45Z,INFO,api-9,request handled,615
2146,2026-09-03T10:46:58Z,INFO,api-10,request handled,622
2147,2026-09-04T10:47:11Z,INFO,api-11,request handled,629
2148,2026-09-05T10:48:24Z,INFO,api-0,request handled,636
2149,2026-09-06T10:49:37Z,INFO,api-1,request handled,643
2150,2026-09-07T10:50:50Z,INFO,api-2,request handled,650
2151,2026-09-08T10:51:03Z,INFO,api-3,request handled,657
2152,2026-09-01T10:52:16Z,INFO,api-4,request handled,664
2153,2026-09-02T10:53:29Z,INFO,api-5,request handled,671
2154,2026-09-03T10:54:42Z,INFO,api-6,request handled,678
2155,2026-09-04T10:55:55Z,INFO,api-7,request handled,685
2156,2026-09-05T10:56:08Z,INFO,api-8,request handled,692
2157,2026-09-06T10:57:21Z,INFO,api-9,request handled,699
2158,2026-09-07T10:58:34Z,INFO,api-10,request handled,706
2159,2026-09-08T10:59:47Z,INFO,api-11,request handled,713
2160,2026-09-01T10:00:00Z,INFO,api-0,request handled,720
2161,2026-09-02T10:01:13Z,INFO,api-1,request handled,727
2162,2026-09-03T10:02:26Z,INFO,api-2,request handled,734
2163,2026-09-04T10:03:39Z,INFO,api-3,request handled,741
2164,2026-09-05T10:04:52Z,INFO,api-4,request handled,748
2165,2026-09-06T10:05:05Z,INFO,api-5,request handled,755
2166,2026-09-07T10:06:18Z,INFO,api-6,request handled,762
2167,2026-09-08T10:07:31Z,INFO,api-7,request handled,769
2168,2026-09-01T10:08:44Z,INFO,api-8,request handled,776
2169,2026-09-02T10:09:57Z,INFO,api-9,request handled,783
2170,2026-09-03T10:10:10Z,INFO,api-10,request handled,790
2171,2026-09-04T10:11:23Z,INFO,api-11,request handled,797
2172,2026-09-05T10:12:36Z,INFO,api-0,request handled,804
2173,2026-09-06T10:13:49Z,INFO,api-1,request handled,811
2174,2026-09-07T10:14:02Z,INFO,api-2,request handled,818
2175,2026-09-08T10:15:15Z,INFO,api-3,request handled,825
2176,2026-09-01T10:16:28Z,INFO,api-4,request handled,832
2177,2026-09-02T10:17:41Z,INFO,api-5,request handled,839
2178,2026-09-03T10:18:54Z,INFO,api-6,request handled,846
2179,2026-09-04T10:19:07Z,INFO,api-7,request handled,853
2180,2026-09-05T10:20:20Z,INFO,api-8,request handled,860
2181,2026-09-06T10:21:33Z,INFO,api-9,request handled,867
2182,2026-09-07T10:22:46Z,INFO,api-10,request handled,874
2183,2026-09-08T10:23:59Z,INFO,api-11,request handled,881
2184,2026-09-01T10:24:12Z,INFO,api-0,request handled,888
2185,2026-09-02T10:25:25Z,INFO,api-1,request handled,895
2186,2026-09-03T10:26:38Z,INFO,api-2,request handled,2
2187,2026-09-04T10:27:51Z,INFO,api-3,request handled,9
2188,2026-09-05T10:28:04Z,INFO,api-4,request handled,16
2189,2026-09-06T10:29:17Z,INFO,api-5,request handled,23
2190,2026-09-07T10:30:30Z,INFO,api-6,request handled,30
2191,2026-09-08T10:31:43Z,INFO,api-7,request handled,37
2192,2026-09-01T10:32:56Z,INFO,api-8,request handled,44
2193,2026-09-02T10:33:09Z,INFO,api-9,request handled,51
2194,2026-09-03T10:34:22Z,INFO,api-10,request handled,58
2195,2026-09-04T10:35:35Z,INFO,api-11,request handled,65
2196,2026-09-05T10:36:48Z,INFO,api-0,request handled,72
2197,2026-09-06T10:37:01Z,INFO,api-1,request handled,79
2198,2026-09-07T10:38:14Z,INFO,api-2,request handled,86
2199,2026-09-08T10:39:27Z,INFO,api-3,request handled,93
2200,2026-09-01T10:40:40Z,INFO,api-4,request handled,100
2201,2026-09-02T10:41:53Z,INFO,api-5,request handled,107
2202,2026-09-03T10:42:06Z,INFO,api-6,request handled,114
2203,2026-09-04T10:43:19Z,INFO,api-7,request handled,121
2204,2026-09-05T10:44:32Z,INFO,api-8,request handled,128
2205,2026-09-06T10:45:45Z,INFO,api-9,request handled,135
2206,2026-09-07T10:46:58Z,INFO,api-10,request handled,142
2207,2026-09-08T10:47:11Z,INFO,api-11,request handled,149
2208,2026-09-01T10:48:24Z,INFO,api-0,request handled,156
2209,2026-09-02T10:49:37Z,INFO,api-1,request handled,163
2210,2026-09-03T10:50:50Z,INFO,api-2,request handled,170
2211,2026-09-04T10:51:03Z,INFO,api-3,request handled,177
2212,2026-09-05T10:52:16Z,INFO,api-4,request handled,184
2213,2026-09-06T10:53:29Z,INFO,api-5,request handled,191
2214,2026-09-07T10:54:42Z,INFO,api-6,request handled,198
2215,2026-09-08T10:55:55Z,INFO,api-7,request handled,205
2216,2026-09-01T10:56:08Z,INFO,api-8,request handled,212
2217,2026-09-02T10:57:21Z,INFO,api-9,request handled,219
2218,2026-09-03T10:58:34Z,INFO,api-10,request handled,226
2219,2026-09-04T10:59:47Z,INFO,api-11,request handled,233
2220,2026-09-05T10:00:00Z,INFO,api-0,request handled,240
2221,2026-09-06T10:01:13Z,INFO,api-1,request handled,247
2222,2026-09-07T10:02:26Z,INFO,api-2,request handled,254
2223,2026-09-08T10:03:39Z,INFO,api-3,request handled,261
2224,2026-09-01T10:04:52Z,INFO,api-4,request handled,268
2225,2026-09-02T10:05:05Z,INFO,api-5,request handled,275
2226,2026-09-03T10:06:18Z,INFO,api-6,request handled,282
2227,2026-09-04T10:07:31Z,INFO,api-7,request handled,289
2228,2026-09-05T10:08:44Z,INFO,api-8,request handled,296
2229,2026-09-06T10:09:57Z,INFO,api-9,request handled,303
2230,2026-09-07T10:10:10Z,INFO,api-10,request handled,310
2231,2026-09-08T10:11:23Z,WARN,api-11,request handled,317
2232,2026-09-01T10:12:36Z,INFO,api-0,request handled,324
2233,2026-09-02T10:13:49Z,INFO,api-1,request handled,331
2234,2026-09-03T10:14:02Z,INFO,api-2,request handled,338
2235,2026-09-04T10:15:15Z,INFO,api-3,request handled,345
2236,2026-09-05T10:16:28Z,INFO,api-4,request handled,352
2237,2026-09-06T10:17:41Z,INFO,api-5,request handled,359
2238,2026-09-07T10:18:54Z,INFO,api-6,request handled,366
2239,2026-09-08T10:19:07Z,INFO,api-7,request handled,373
2240,2026-09-01T10:20:20Z,INFO,api-8,request handled,380
2241,2026-09-02T10:21:33Z,INFO,api-9,request handled,387
2242,2026-09-03T10:22:46Z,INFO,api-10,request handled,394
2243,2026-09-04T10:23:59Z,INFO,api-11,request handled,401
2244,2026-09-05T10:24:12Z,INFO,api-0,request handled,408
2245,2026-09-06T10:25:25Z,INFO,api-1,request handled,415
2246,2026-09-07T10:26:38Z,INFO,api-2,request handled,422
2247,2026-09-08T10:27:51Z,INFO,api-3,request handled,429
2248,2026-09-01T10:28:04Z,INFO,api-4,request handled,436
2249,2026-09-02T10:29:17Z,INFO,api-5,request handled,443
2250,2026-09-03T10:30:30Z,INFO,api-6,request handled,450
2251,2026-09-04T10:31:43Z,INFO,api-7,request handled,457
2252,2026-09-05T10:32:56Z,INFO,api-8,request handled,464
2253,2026-09-06T10:33:09Z,INFO,api-9,request handled,471
2254,2026-09-07T10:34:22Z,INFO,api-10,request handled,478
2255,2026-09-08T10:35:35Z,INFO,api-11,request handled,485
2256,2026-09-01T10:36:48Z,INFO,api-0,request handled,492
2257,2026-09-02T10:37:01Z,INFO,api-1,request handled,499
2258,2026-09-03T10:38:14Z,INFO,api-2,request handled,506
2259,2026-09-04T10:39:27Z,INFO,api-3,request handled,513
2260,2026-09-05T10:40:40Z,INFO,api-4,request handled,520
2261,2026-09-06T10:41:53Z,INFO,api-5,request handled,527
2262,2026-09-07T10:42:06Z,INFO,api-6,request handled,534
2263,2026-09-08T10:43:19Z,INFO,api-7,request handled,541
2264,2026-09-01T10:44:32Z,INFO,api-8,request handled,548
2265,2026-09-02T10:45:45Z,INFO,api-9,request handled,555
2266,2026-09-03T10:46:58Z,INFO,api-10,request handled,562
2267,2026-09-04T10:47:11Z,INFO,api-11,request handled,569
2268,2026-09-05T10:48:24Z,INFO,api-0,request handled,576
2269,2026-09-06T10:49:37Z,INFO,api-1,request handled,583
2270,2026-09-07T10:50:50Z,INFO,api-2,request handled,590
2271,2026-09-08T10:51:03Z,INFO,api-3,request handled,597
2272,2026-09-01T10:52:16Z,INFO,api-4,request handled,604
2273,2026-09-02T10:53:29Z,INFO,api-5,request handled,611
2274,2026-09-03T10:54:42Z,INFO,api-6,request handled,618
2275,2026-09-04T10:55:55Z,INFO,api-7,request handled,625
2276,2026-09-05T10:56:08Z,INFO,api-8,request handled,632
2277,2026-09-06T10:57:21Z,INFO,api-9,request handled,639
2278,2026-09-07T10:58:34Z,INFO,api-10,request handled,646
2279,2026-09-08T10:59:47Z,INFO,api-11,request handled,653
2280,2026-09-01T10:00:00Z,INFO,api-0,request handled,660
2281,2026-09-02T10:01:13Z,INFO,api-1,request handled,667
2282,2026-09-03T10:02:26Z,INFO,api-2,request handled,674
2283,2026-09-04T10:03:39Z,INFO,api-3,request handled,681
2284,2026-09-05T10:04:52Z,INFO,api-4,request handled,688
2285,2026-09-06T10:05:05Z,INFO,api-5,request handled,695
2286,2026-09-07T10:06:18Z,INFO,api-6,request handled,702
2287,2026-09-08T10:07:31Z,INFO,api-7,request handled,709
2288,2026-09-01T10:08:44Z,INFO,api-8,request handled,716
2289,2026-09-02T10:09:57Z,INFO,api-9,request handled,723
2290,2026-09-03T10:10:10Z,INFO,api-10,request handled,730
2291,2026-09-04T10:11:23Z,INFO,api-11,request handled,737
2292,2026-09-05T10:12:36Z,INFO,api-0,request handled,744
2293,2026-09-06T10:13:49Z,INFO,api-1,request handled,751
2294,2026-09-07T10:14:02Z,INFO,api-2,request handled,758
2295,2026-09-08T10:15:15Z,INFO,api-3,request handled,765
2296,2026-09-01T10:16:28Z,INFO,api-4,request handled,772
2297,2026-09-02T10:17:41Z,INFO,api-5,request handled,779
2298,2026-09-03T10:18:54Z,INFO,api-6,request handled,786
2299,2026-09-04T10:19:07Z,INFO,api-7,request handled,793
2300,2026-09-05T10:20:20Z,INFO,api-8,request handled,800
2301,2026-09-06T10:21:33Z,INFO,api-9,request handled,807
2302,2026-09-07T10:22:46Z,INFO,api-10,request handled,814
2303,2026-09-08T10:23:59Z,INFO,api-11,request handled,821
2304,2026-09-01T10:24:12Z,INFO,api-0,request handled,828
2305,2026-09-02T10:25:25Z,INFO,api-1,request handled,835
2306,2026-09-03T10:26:38Z,INFO,api-2,request handled,842
2307,2026-09-04T10:27:51Z,INFO,api-3,request handled,849
2308,2026-09-05T10:28:04Z,INFO,api-4,request handled,856
2309,2026-09-06T10:29:17Z,INFO,api-5,request handled,863
2310,2026-09-07T10:30:30Z,INFO,api-6,request handled,870
2311,2026-09-08T10:31:43Z,INFO,api-7,request handled,877
2312,2026-09-01T10:32:56Z,INFO,api-8,request handled,884
2313,2026-09-02T10:33:09Z,INFO,api-9,request handled,891
2314,2026-09-03T10:34:22Z,INFO,api-10,request handled,898
2315,2026-09-04T10:35:35Z,INFO,api-11,request handled,5
2316,2026-09-05T10:36:48Z,INFO,api-0,request handled,12
2317,2026-09-06T10:37:01Z,INFO,api-1,request handled,19
2318,2026-09-07T10:38:14Z,INFO,api-2,request handled,26
2319,2026-09-08T10:39:27Z,INFO,api-3,request handled,33
2320,2026-09-01T10:40:40Z,INFO,api-4,request handled,40
2321,2026-09-02T10:41:53Z,INFO,api-5,request handled,47
2322,2026-09-03T10:42:06Z,INFO,api-6,request handled,54
2323,2026-09-04T10:43:19Z,INFO,api-7,request handled,61
2324,2026-09-05T10:44:32Z,INFO,api-8,request handled,68
2325,2026-09-06T10:45:45Z,INFO,api-9,request handled,75
2326,2026-09-07T10:46:58Z,INFO,api-10,request handled,82
2327,2026-09-08T10:47:11Z,INFO,api-11,request handled,89
2328,2026-09-01T10:48:24Z,WARN,api-0,request handled,96
2329,2026-09-02T10:49:37Z,INFO,api-1,request handled,103
2330,2026-09-03T10:50:50Z,INFO,api-2,request handled,110
2331,2026-09-04T10:51:03Z,INFO,api-3,request handled,117
2332,2026-09-05T10:52:16Z,INFO,api-4,request handled,124
2333,2026-09-06T10:53:29Z,INFO,api-5,request handled,131
2334,2026-09-07T10:54:42Z,INFO,api-6,request handled,138
2335,2026-09-08T10:55:55Z,INFO,api-7,request handled,145
2336,2026-09-01T10:56:08Z,INFO,api-8,request handled,152
2337,2026-09-02T10:57:21Z,INFO,api-9,request handled,159
2338,2026-09-03T10:58:34Z,INFO,api-10,request handled,166
2339,2026-09-04T10:59:47Z,INFO,api-11,request handled,173
2340,2026-09-05T10:00:00Z,INFO,api-0,request handled,180
2341,2026-09-06T10:01:13Z,INFO,api-1,request handled,187
2342,2026-09-07T10:02:26Z,INFO,api-2,request handled,194
2343,2026-09-08T10:03:39Z,INFO,api-3,request handled,201
2344,2026-09-01T10:04:52Z,INFO,api-4,request handled,208
2345,2026-09-02T10:05:05Z,INFO,api-5,request handled,215
2346,2026-09-03T10:06:18Z,INFO,api-6,request handled,222
2347,2026-09-04T10:07:31Z,INFO,api-7,request handled,229
2348,2026-09-05T10:08:44Z,INFO,api-8,request handled,236
2349,2026-09-06T10:09:57Z,INFO,api-9,request handled,243
2350,2026-09-07T10:10:10Z,INFO,api-10,request handled,250
2351,2026-09-08T10:11:23Z,INFO,api-11,request handled,257
2352,2026-09-01T10:12:36Z,INFO,api-0,request handled,264
2353,2026-09-02T10:13:49Z,INFO,api-1,request handled,271
2354,2026-09-03T10:14:02Z,INFO,api-2,request handled,278
2355,2026-09-04T10:15:15Z,INFO,api-3,request handled,285
2356,2026-09-05T10:16:28Z,INFO,api-4,request handled,292
2357,2026-09-06T10:17:41Z,INFO,api-5,request handled,299
2358,2026-09-07T10:18:54Z,INFO,api-6,request handled,306
2359,2026-09-08T10:19:07Z,INFO,api-7,request handled,313
2360,2026-09-01T10:20:20Z,INFO,api-8,request handled,320
2361,2026-09-02T10:21:33Z,INFO,api-9,request handled,327
2362,2026-09-03T10:22:46Z,INFO,api-10,request handled,334
2363,2026-09-04T10:23:59Z,INFO,api-11,request handled,341
2364,2026-09-05T10:24:12Z,INFO,api-0,request handled,348
2365,2026-09-06T10:25:25Z,INFO,api-1,request handled,355
2366,2026-09-07T10:26:38Z,INFO,api-2,request handled,362
2367,2026-09-08T10:27:51Z,INFO,api-3,request handled,369
2368,2026-09-01T10:28:04Z,INFO,api-4,request handled,376
2369,2026-09-02T10:29:17Z,INFO,api-5,request handled,383
2370,2026-09-03T10:30:30Z,INFO,api-6,request handled,390
2371,2026-09-04T10:31:43Z,INFO,api-7,request handled,397
2372,2026-09-05T10:32:56Z,INFO,api-8,request handled,404
2373,2026-09-06T10:33:09Z,INFO,api-9,request handled,411
2374,2026-09-07T10:34:22Z,INFO,api-10,request handled,418
2375,2026-09-08T10:35:35Z,INFO,api-11,request handled,425
2376,2026-09-01T10:36:48Z,INFO,api-0,request handled,432
2377,2026-09-02T10:37:01Z,INFO,api-1,request handled,439
2378,2026-09-03T10:38:14Z,INFO,api-2,request handled,446
2379,2026-09-04T10:39:27Z,INFO,api-3,request handled,453
2380,2026-09-05T10:40:40Z,INFO,api-4,request handled,460
2381,2026-09-06T10:41:53Z,INFO,api-5,request handled,467
2382,2026-09-07T10:42:06Z,INFO,api-6,request handled,474
2383,2026-09-08T10:43:19Z,INFO,api-7,request handled,481
2384,2026-09-01T10:44:32Z,INFO,api-8,request handled,488
2385,2026-09-02T10:45:45Z,INFO,api-9,request handled,495
2386,2026-09-03T10:46:58Z,INFO,api-10,request handled,502
2387,2026-09-04T10:47:11Z,INFO,api-11,request handled,509
2388,2026-09-05T10:48:24Z,INFO,api-0,request handled,516
2389,2026-09-06T10:49:37Z,INFO,api-1,request handled,523
2390,2026-09-07T10:50:50Z,INFO,api-2,request handled,530
2391,2026-09-08T10:51:03Z,INFO,api-3,request handled,537
2392,2026-09-01T10:52:16Z,INFO,api-4,request handled,544
2393,2026-09-02T10:53:29Z,INFO,api-5,request handled,551
2394,2026-09-03T10:54:42Z,INFO,api-6,request handled,558
2395,2026-09-04T10:55:55Z,INFO,api-7,request handled,565
2396,2026-09-05T10:56:08Z,INFO,api-8,request handled,572
2397,2026-09-06T10:57:21Z,INFO,api-9,request handled,579
2398,2026-09-07T10:58:34Z,INFO,api-10,request handled,586
2399,2026-09-08T10:59:47Z,INFO,api-11,request handled,593
2400,2026-09-01T10:00:00Z,INFO,api-0,request handled,600
2401,2026-09-02T10:01:13Z,INFO,api-1,request handled,607
2402,2026-09-03T10:02:26Z,INFO,api-2,request handled,614
2403,2026-09-04T10:03:39Z,INFO,api-3,request handled,621
2404,2026-09-05T10:04:52Z,INFO,api-4,request handled,628
2405,2026-09-06T10:05:05Z,INFO,api-5,request handled,635
2406,2026-09-07T10:06:18Z,INFO,api-6,request handled,642
2407,2026-09-08T10:07:31Z,INFO,api-7,request handled,649
2408,2026-09-01T10:08:44Z,INFO,api-8,request handled,656
2409,2026-09-02T10:09:57Z,INFO,api-9,request handled,663
2410,2026-09-03T10:10:10Z,INFO,api-10,request handled,670
2411,2026-09-04T10:11:23Z,INFO,api-11,request handled,677
2412,2026-09-05T10:12:36Z,INFO,api-0,request handled,684
2413,2026-09-06T10:13:49Z,INFO,api-1,request handled,691
2414,2026-09-07T10:14:02Z,INFO,api-2,request handled,698
2415,2026-09-08T10:15:15Z,INFO,api-3,request handled,705
2416,2026-09-01T10:16:28Z,INFO,api-4,request handled,712
2417,2026-09-02T10:17:41Z,INFO,api-5,request handled,719
2418,2026-09-03T10:18:54Z,INFO,api-6,request handled,726
2419,2026-09-04T10:19:07Z,INFO,api-7,request handled,733
2420,2026-09-05T10:20:20Z,INFO,api-8,request handled,740
2421,2026-09-06T10:21:33Z,INFO,api-9,request handled,747
2422,2026-09-07T10:22:46Z,INFO,api-10,request handled,754
2423,2026-09-08T10:23:59Z,INFO,api-11,request handled,761
2424,2026-09-01T10:24:12Z,INFO,api-0,request handled,768
2425,2026-09-02T10:25:25Z,WARN,api-1,request handled,775
2426,2026-09-03T10:26:38Z,INFO,api-2,request handled,782
2427,2026-09-04T10:27:51Z,INFO,api-3,request handled,789
2428,2026-09-05T10:28:04Z,INFO,api-4,request handled,796
2429,2026-09-06T10:29:17Z,INFO,api-5,request handled,803
2430,2026-09-07T10:30:30Z,INFO,api-6,request handled,810
2431,2026-09-08T10:31:43Z,INFO,api-7,request handled,817
2432,2026-09-01T10:32:56Z,INFO,api-8,request handled,824
2433,2026-09-02T10:33:09Z,INFO,api-9,request handled,831
2434,2026-09-03T10:34:22Z,INFO,api-10,request handled,838
2435,2026-09-04T10:35:35Z,INFO,api-11,request handled,845
2436,2026-09-05T10:36:48Z,INFO,api-0,request handled,852
2437,2026-09-06T10:37:01Z,INFO,api-1,request handled,859
2438,2026-09-07T10:38:14Z,INFO,api-2,request handled,866
2439,2026-09-08T10:39:27Z,INFO,api-3,request handled,873
2440,2026-09-01T10:40:40Z,INFO,api-4,request handled,880
2441,2026-09-02T10:41:53Z,INFO,api-5,request handled,887
2442,2026-09-03T10:42:06Z,INFO,api-6,request handled,894
2443,2026-09-04T10:43:19Z,INFO,api-7,request handled,1
2444,2026-09-05T10:44:32Z,INFO,api-8,request handled,8
2445,2026-09-06T10:45:45Z,INFO,api-9,request handled,15
2446,2026-09-07T10:46:58Z,INFO,api-10,request handled,22
2447,2026-09-08T10:47:11Z,INFO,api-11,request handled,29
2448,2026-09-01T10:48:24Z,INFO,api-0,request handled,36
2449,2026-09-02T10:49:37Z,INFO,api-1,request handled,43
2450,2026-09-03T10:50:50Z,INFO,api-2,request handled,50
2451,2026-09-04T10:51:03Z,INFO,api-3,request handled,57
2452,2026-09-05T10:52:16Z,INFO,api-4,request handled,64
2453,2026-09-06T10:53:29Z,INFO,api-5,request handled,71
2454,2026-09-07T10:54:42Z,INFO,api-6,request handled,78
2455,2026-09-08T10:55:55Z,INFO,api-7,request handled,85
2456,2026-09-01T10:56:08Z,INFO,api-8,request handled,92
2457,2026-09-02T10:57:21Z,INFO,api-9,request handled,99
2458,2026-09-03T10:58:34Z,INFO,api-10,request handled,106
2459,2026-09-04T10:59:47Z,INFO,api-11,request handled,113
2460,2026-09-05T10:00:00Z,INFO,api-0,request handled,120
2461,2026-09-06T10:01:13Z,INFO,api-1,request handled,127
2462,2026-09-07T10:02:26Z,INFO,api-2,request handled,134
2463,2026-09-08T10:03:39Z,INFO,api-3,request handled,141
2464,2026-09-01T10:04:52Z,INFO,api-4,request handled,148
2465,2026-09-02T10:05:05Z,INFO,api-5,request handled,155
2466,2026-09-03T10:06:18Z,INFO,api-6,request handled,162
2467,2026-09-04T10:07:31Z,INFO,api-7,request handled,169
2468,2026-09-05T10:08:44Z,INFO,api-8,request handled,176
2469,2026-09-06T10:09:57Z,INFO,api-9,request handled,183
2470,2026-09-07T10:10:10Z,INFO,api-10,request handled,190
2471,2026-09-08T10:11:23Z,INFO,api-11,request handled,197
2472,2026-09-01T10:12:36Z,INFO,api-0,request handled,204
2473,2026-09-02T10:13:49Z,INFO,api-1,request handled,211
2474,2026-09-03T10:14:02Z,INFO,api-2,request handled,218
2475,2026-09-04T10:15:15Z,INFO,api-3,request handled,225
2476,2026-09-05T10:16:28Z,INFO,api-4,request handled,232
2477,2026-09-06T10:17:41Z,INFO,api-5,request handled,239
2478,2026-09-07T10:18:54Z,INFO,api-6,request handled,246
2479,2026-09-08T10:19:07Z,INFO,api-7,request handled,253
2480,2026-09-01T10:20:20Z,INFO,api-8,request handled,260
2481,2026-09-02T10:21:33Z,INFO,api-9,request handled,267
2482,2026-09-03T10:22:46Z,INFO,api-10,request handled,274
2483,2026-09-04T10:23:59Z,INFO,api-11,request handled,281
2484,2026-09-05T10:24:12Z,INFO,api-0,request handled,288
2485,2026-09-06T10:25:25Z,INFO,api-1,request handled,295
2486,2026-09-07T10:26:38Z,INFO,api-2,request handled,302
2487,2026-09-08T10:27:51Z,INFO,api-3,request handled,309
2488,2026-09-01T10:28:04Z,INFO,api-4,request handled,316
2489,2026-09-02T10:29:17Z,INFO,api-5,request handled,323
2490,2026-09-03T10:30:30Z,INFO,api-6,request handled,330
2491,2026-09-04T10:31:43Z,INFO,api-7,request handled,337
2492,2026-09-05T10:32:56Z,INFO,api-8,request handled,344
2493,2026-09-06T10:33:09Z,INFO,api-9,request handled,351
2494,2026-09-07T10:34:22Z,INFO,api-10,request handled,358
2495,2026-09-08T10:35:35Z,INFO,api-11,request handled,365
2496,2026-09-01T10:36:48Z,INFO,api-0,request handled,372
2497,2026-09-02T10:37:01Z,INFO,api-1,request handled,379
2498,2026-09-03T10:38:14Z,INFO,api-2,request handled,386
2499,2026-09-04T10:39:27Z,INFO,api-3,request handled,393
2500,2026-09-05T10:40:40Z,ERROR,api-4,request handled,400
2501,2026-09-06T10:41:53Z,INFO,api-5,request handled,407
2502,2026-09-07T10:42:06Z,INFO,api-6,request handled,414
2503,2026-09-08T10:43:19Z,INFO,api-7,request handled,421
2504,2026-09-01T10:44:32Z,INFO,api-8,request handled,428
2505,2026-09-02T10:45:45Z,INFO,api-9,request handled,435
2506,2026-09-03T10:46:58Z,INFO,api-10,request handled,442
2507,2026-09-04T10:47:11Z,INFO,api-11,request handled,449
2508,2026-09-05T10:48:24Z,INFO,api-0,request handled,456
2509,2026-09-06T10:49:37Z,INFO,api-1,request handled,463
2510,2026-09-07T10:50:50Z,INFO,api-2,request handled,470
2511,2026-09-08T10:51:03Z,INFO,api-3,request handled,477
2512,2026-09-01T10:52:16Z,INFO,api-4,request handled,484
2513,2026-09-02T10:53:29Z,INFO,api-5,request handled,491
2514,2026-09-03T10:54:42Z,INFO,api-6,request handled,498
2515,2026-09-04T10:55:55Z,INFO,api-7,request handled,505
2516,2026-09-05T10:56:08Z,INFO,api-8,request handled,512
2517,2026-09-06T10:57:21Z,INFO,api-9,request handled,519
2518,2026-09-07T10:58:34Z,INFO,api-10,request handled,526
2519,2026-09-08T10:59:47Z,INFO,api-11,request handled,533
2520,2026-09-01T10:00:00Z,INFO,api-0,request handled,540
2521,2026-09-02T10:01:13Z,INFO,api-1,request handled,547
2522,2026-09-03T10:02:26Z,WARN,api-2,request handled,554
2523,2026-09-04T10:03:39Z,INFO,api-3,request handled,561
2524,2026-09-05T10:04:52Z,INFO,api-4,request handled,568
2525,2026-09-06T10:05:05Z,INFO,api-5,request handled,575
2526,2026-09-07T10:06:18Z,INFO,api-6,request handled,582
2527,2026-09-08T10:07:31Z,INFO,api-7,request handled,589
2528,2026-09-01T10:08:44Z,INFO,api-8,request handled,596
2529,2026-09-02T10:09:57Z,INFO,api-9,request handled,603
2530,2026-09-03T10:10:10Z,INFO,api-10,request handled,610
2531,2026-09-04T10:11:23Z,INFO,api-11,request handled,617
2532,2026-09-05T10:12:36Z,INFO,api-0,request handled,624
2533,2026-09-06T10:13:49Z,INFO,api-1,request handled,631
2534,2026-09-07T10:14:02Z,INFO,api-2,request handled,638
2535,2026-09-08T10:15:15Z,INFO,api-3,request handled,645
2536,2026-09-01T10:16:28Z,INFO,api-4,request handled,652
2537,2026-09-02T10:17:41Z,INFO,api-5,request handled,659
2538,2026-09-03T10:18:54Z,INFO,api-6,request handled,666
2539,2026-09-04T10:19:07Z,INFO,api-7,request handled,673
2540,2026-09-05T10:20:20Z,INFO,api-8,request handled,680
2541,2026-09-06T10:21:33Z,INFO,api-9,request handled,687
2542,2026-09-07T10:22:46Z,INFO,api-10,request handled,694
2543,2026-09-08T10:23:59Z,INFO,api-11,request handled,701
2544,2026-09-01T10:24:12Z,INFO,api-0,request handled,708
2545,2026-09-02T10:25:25Z,INFO,api-1,request handled,715
2546,2026-09-03T10:26:38Z,INFO,api-2,request handled,722
2547,2026-09-04T10:27:51Z,INFO,api-3,request handled,729
2548,2026-09-05T10:28:04Z,INFO,api-4,request handled,736
2549,2026-09-06T10:29:17Z,INFO,api-5,request handled,743
2550,2026-09-07T10:30:30Z,INFO,api-6,request handled,750
2551,2026-09-08T10:31:43Z,INFO,api-7,request handled,757
2552,2026-09-01T10:32:56Z,INFO,api-8,request handled,764
2553,2026-09-02T10:33:09Z,INFO,api-9,request handled,771
2554,2026-09-03T10:34:22Z,INFO,api-10,request handled,778
2555,2026-09-04T10:35:35Z,INFO,api-11,request handled,785
2556,2026-09-05T10:36:48Z,INFO,api-0,request handled,792
2557,2026-09-06T10:37:01Z,INFO,api-1,request handled,799
2558,2026-09-07T10:38:14Z,INFO,api-2,request handled,806
2559,2026-09-08T10:39:27Z,INFO,api-3,request handled,813
2560,2026-09-01T10:40:40Z,INFO,api-4,request handled,820
2561,2026-09-02T10:41:53Z,INFO,api-5,request handled,827
2562,2026-09-03T10:42:06Z,INFO,api-6,request handled,834
2563,2026-09-04T10:43:19Z,INFO,api-7,request handled,841
2564,2026-09-05T10:44:32Z,INFO,api-8,request handled,848
2565,2026-09-06T10:45:45Z,INFO,api-9,request handled,855
2566,2026-09-07T10:46:58Z,INFO,api-10,request handled,862
2567,2026-09-08T10:47:11Z,INFO,api-11,request handled,869
2568,2026-09-01T10:48:24Z,INFO,api-0,request handled,876
2569,2026-09-02T10:49:37Z,INFO,api-1,request handled,883
2570,2026-09-03T10:50:50Z,INFO,api-2,request handled,890
2571,2026-09-04T10:51:03Z,INFO,api-3,request handled,897
2572,2026-09-05T10:52:16Z,INFO,api-4,request handled,4
2573,2026-09-06T10:53:29Z,INFO,api-5,request handled,11
2574,2026-09-07T10:54:42Z,INFO,api-6,request handled,18
2575,2026-09-08T10:55:55Z,INFO,api-7,request handled,25
2576,2026-09-01T10:56:08Z,INFO,api-8,request handled,32
2577,2026-09-02T10:57:21Z,INFO,api-9,request handled,39
2578,2026-09-03T10:58:34Z,INFO,api-10,request handled,46
2579,2026-09-04T10:59:47Z,INFO,api-11,request handled,53
2580,2026-09-05T10:00:00Z,INFO,api-0,request handled,60
2581,2026-09-06T10:01:13Z,INFO,api-1,request handled,67
2582,2026-09-07T10:02:26Z,INFO,api-2,request handled,74
2583,2026-09-08T10:03:39Z,INFO,api-3,request handled,81
2584,2026-09-01T10:04:52Z,INFO,api-4,request handled,88
2585,2026-09-02T10:05:05Z,INFO,api-5,request handled,95
2586,2026-09-03T10:06:18Z,INFO,api-6,request handled,102
2587,2026-09-04T10:07:31Z,INFO,api-7,request handled,109
2588,2026-09-05T10:08:44Z,INFO,api-8,request handled,116
2589,2026-09-06T10:09:57Z,INFO,api-9,request handled,123
2590,2026-09-07T10:10:10Z,INFO,api-10,request handled,130
2591,2026-09-08T10:11:23Z,INFO,api-11,request handled,137
2592,2026-09-01T10:12:36Z,INFO,api-0,request handled,144
2593,2026-09-02T10:13:49Z,INFO,api-1,request handled,151
2594,2026-09-03T10:14:02Z,INFO,api-2,request handled,158
2595,2026-09-04T10:15:15Z,INFO,api-3,request handled,165
2596,2026-09-05T10:16:28Z,INFO,api-4,request handled,172
2597,2026-09-06T10:17:41Z,INFO,api-5,request handled,179
2598,2026-09-07T10:18:54Z,INFO,api-6,request handled,186
2599,2026-09-08T10:19:07Z,INFO,api-7,request handled,193
2600,2026-09-01T10:20:20Z,INFO,api-8,request handled,200
2601,2026-09-02T10:21:33Z,INFO,api-9,request handled,207
2602,2026-09-03T10:22:46Z,INFO,api-10,request handled,214
2603,2026-09-04T10:23:59Z,INFO,api-11,request handled,221
2604,2026-09-05T10:24:12Z,INFO,api-0,request handled,228
2605,2026-09-06T10:25:25Z,INFO,api-1,request handled,235
2606,2026-09-07T10:26:38Z,INFO,api-2,request handled,242
2607,2026-09-08T10:27:51Z,INFO,api-3,request handled,249
2608,2026-09-01T10:28:04Z,INFO,api-4,request handled,256
2609,2026-09-02T10:29:17Z,INFO,api-5,request handled,263
2610,2026-09-03T10:30:30Z,INFO,api-6,request handled,270
2611,2026-09-04T10:31:43Z,INFO,api-7,request handled,277
2612,2026-09-05T10:32:56Z,INFO,api-8,request handled,284
2613,2026-09-06T10:33:09Z,INFO,api-9,request handled,291
2614,2026-09-07T10:34:22Z,INFO,api-10,request handled,298
2615,2026-09-08T10:35:35Z,INFO,api-11,request handled,305
2616,2026-09-01T10:36:48Z,INFO,api-0,request handled,312
2617,2026-09-02T10:37:01Z,INFO,api-1,request handled,319
2618,2026-09-03T10:38:14Z,INFO,api-2,request handled,326
2619,2026-09-04T10:39:27Z,WARN,api-3,request handled,333
2620,2026-09-05T10:40:40Z,INFO,api-4,request handled,340
2621,2026-09-06T10:41:53Z,INFO,api-5,request handled,347
2622,2026-09-07T10:42:06Z,INFO,api-6,request handled,354
2623,2026-09-08T10:43:19Z,INFO,api-7,request handled,361
2624,2026-09-01T10:44:32Z,INFO,api-8,request handled,368
2625,2026-09-02T10:45:45Z,INFO,api-9,request handled,375
2626,2026-09-03T10:46:58Z,INFO,api-10,request handled,382
2627,2026-09-04T10:47:11Z,INFO,api-11,request handled,389
2628,2026-09-05T10:48:24Z,INFO,api-0,request handled,396
2629,2026-09-06T10:49:37Z,INFO,api-1,request handled,403
2630,2026-09-07T10:50:50Z,INFO,api-2,request handled,410
2631,2026-09-08T10:51:03Z,INFO,api-3,request handled,417
2632,2026-09-01T10:52:16Z,INFO,api-4,request handled,424
2633,2026-09-02T10:53:29Z,INFO,api-5,request handled,431
2634,2026-09-03T10:54:42Z,INFO,api-6,request handled,438
2635,2026-09-04T10:55:55Z,INFO,api-7,request handled,445
2636,2026-09-05T10:56:08Z,INFO,api-8,request handled,452
2637,2026-09-06T10:57:21Z,INFO,api-9,request handled,459
2638,2026-09-07T10:58:34Z,INFO,api-10,request handled,466
2639,2026-09-08T10:59:47Z,INFO,api-11,request handled,473
2640,2026-09-01T10:00:00Z,INFO,api-0,request handled,480
2641,2026-09-02T10:01:13Z,INFO,api-1,request handled,487
2642,2026-09-03T10:02:26Z,INFO,api-2,request handled,494
2643,2026-09-04T10:03:39Z,INFO,api-3,request handled,501
2644,2026-09-05T10:04:52Z,INFO,api-4,request handled,508
2645,2026-09-06T10:05:05Z,INFO,api-5,request handled,515
2646,2026-09-07T10:06:18Z,INFO,api-6,request handled,522
2647,2026-09-08T10:07:31Z,INFO,api-7,request handled,529
2648,2026-09-01T10:08:44Z,INFO,api-8,request handled,536
2649,2026-09-02T10:09:57Z,INFO,api-9,request handled,543
2650,2026-09-03T10:10:10Z,INFO,api-10,request handled,550
2651,2026-09-04T10:11:23Z,INFO,api-11,request handled,557
2652,2026-09-05T10:12:36Z,INFO,api-0,request handled,564
2653,2026-09-06T10:13:49Z,INFO,api-1,request handled,571
2654,2026-09-07T10:14:02Z,INFO,api-2,request handled,578
2655,2026-09-08T10:15:15Z,INFO,api-3,request handled,585
2656,2026-09-01T10:16:28Z,INFO,api-4,request handled,592
2657,2026-09-02T10:17:41Z,INFO,api-5,request handled,599
2658,2026-09-03T10:18:54Z,INFO,api-6,request handled,606
2659,2026-09-04T10:19:07Z,INFO,api-7,request handled,613
2660,2026-09-05T10:20:20Z,INFO,api-8,request handled,620
2661,2026-09-06T10:21:33Z,INFO,api-9,request handled,627
2662,2026-09-07T10:22:46Z,INFO,api-10,request handled,634
2663,2026-09-08T10:23:59Z,INFO,api-11,request handled,641
2664,2026-09-01T10:24:12Z,INFO,api-0,request handled,648
2665,2026-09-02T10:25:25Z,INFO,api-1,request handled,655
2666,2026-09-03T10:26:38Z,INFO,api-2,request handled,662
2667,2026-09-04T10:27:51Z,INFO,api-3,request handled,669
2668,2026-09-05T10:28:04Z,INFO,api-4,request handled,676
2669,2026-09-06T10:29:17Z,INFO,api-5,request handled,683
2670,2026-09-07T10:30:30Z,INFO,api-6,request handled,690
2671,2026-09-08T10:31:43Z,INFO,api-7,request handled,697
2672,2026-09-01T10:32:56Z,INFO,api-8,request handled,704
2673,2026-09-02T10:33:09Z,INFO,api-9,request handled,711
2674,2026-09-03T10:34:22Z,INFO,api-10,request handled,718
2675,2026-09-04T10:35:35Z,INFO,api-11,request handled,725
2676,2026-09-05T10:36:48Z,INFO,api-0,request handled,732
2677,2026-09-06T10:37:01Z,INFO,api-1,request handled,739
2678,2026-09-07T10:38:14Z,INFO,api-2,request handled,746
2679,2026-09-08T10:39:27Z,INFO,api-3,request handled,753
2680,2026-09-01T10:40:40Z,INFO,api-4,request handled,760
2681,2026-09-02T10:41:53Z,INFO,api-5,request handled,767
2682,2026-09-03T10:42:06Z,INFO,api-6,request handled,774
2683,2026-09-04T10:43:19Z,INFO,api-7,request handled,781
2684,2026-09-05T10:44:32Z,INFO,api-8,request handled,788
2685,2026-09-06T10:45:45Z,INFO,api-9,request handled,795
2686,2026-09-07T10:46:58Z,INFO,api-10,request handled,802
2687,2026-09-08T10:47:11Z,INFO,api-11,request handled,809
2688,2026-09-01T10:48:24Z,INFO,api-0,request handled,816
2689,2026-09-02T10:49:37Z,INFO,api-1,request handled,823
2690,2026-09-03T10:50:50Z,INFO,api-2,request handled,830
2691,2026-09-04T10:51:03Z,INFO,api-3,request handled,837
2692,2026-09-05T10:52:16Z,INFO,api-4,request handled,844
2693,2026-09-06T10:53:29Z,INFO,api-5,request handled,851
2694,2026-09-07T10:54:42Z,INFO,api-6,request handled,858
2695,2026-09-08T10:55:55Z,INFO,api-7,request handled,865
2696,2026-09-01T10:56:08Z,INFO,api-8,request handled,872
2697,2026-09-02T10:57:21Z,INFO,api-9,request handled,879
2698,2026-09-03T10:58:34Z,INFO,api-10,request handled,886
2699,2026-09-04T10:59:47Z,INFO,api-11,request handled,893
2700,2026-09-05T10:00:00Z,INFO,api-0,request handled,0
2701,2026-09-06T10:01:13Z,INFO,api-1,request handled,7
2702,2026-09-07T10:02:26Z,INFO,api-2,request handled,14
2703,2026-09-08T10:03:39Z,INFO,api-3,request handled,21
2704,2026-09-01T10:04:52Z,INFO,api-4,request handled,28
2705,2026-09-02T10:05:05Z,INFO,api-5,request handled,35
2706,2026-09-03T10:06:18Z,INFO,api-6,request handled,42
2707,2026-09-04T10:07:31Z,INFO,api-7,request handled,49
2708,2026-09-05T10:08:44Z,INFO,api-8,request handled,56
2709,2026-09-06T10:09:57Z,INFO,api-9,request handled,63
2710,2026-09-07T10:10:10Z,INFO,api-10,request handled,70
2711,2026-09-08T10:11:23Z,INFO,api-11,request handled,77
2712,2026-09-01T10:12:36Z,INFO,api-0,request handled,84
2713,2026-09-02T10:13:49Z,INFO,api-1,request handled,91
2714,2026-09-03T10:14:02Z,INFO,api-2,request handled,98
2715,2026-09-04T10:15:15Z,INFO,api-3,request handled,105
2716,2026-09-05T10:16:28Z,WARN,api-4,request handled,112
2717,2026-09-06T10:17:41Z,INFO,api-5,request handled,119
2718,2026-09-07T10:18:54Z,INFO,api-6,request handled,126
2719,2026-09-08T10:19:07Z,INFO,api-7,request handled,133
2720,2026-09-01T10:20:20Z,INFO,api-8,request handled,140
2721,2026-09-02T10:21:33Z,INFO,api-9,request handled,147
2722,2026-09-03T10:22:46Z,INFO,api-10,request handled,154
2723,2026-09-04T10:23:59Z,INFO,api-11,request handled,161
2724,2026-09-05T10:24:12Z,INFO,api-0,request handled,168
2725,2026-09-06T10:25:25Z,INFO,api-1,request handled,175
2726,2026-09-07T10:26:38Z,INFO,api-2,request handled,182
2727,2026-09-08T10:27:51Z,INFO,api-3,request handled,189
2728,2026-09-01T10:28:04Z,INFO,api-4,request handled,196
2729,2026-09-02T10:29:17Z,INFO,api-5,request handled,203
2730,2026-09-03T10:30:30Z,INFO,api-6,request handled,210
2731,2026-09-04T10:31:43Z,INFO,api-7,request handled,217
2732,2026-09-05T10:32:56Z,INFO,api-8,request handled,224
2733,2026-09-06T10:33:09Z,INFO,api-9,request handled,231
2734,2026-09-07T10:34:22Z,INFO,api-10,request handled,238
2735,2026-09-08T10:35:35Z,INFO,api-11,request handled,245
2736,2026-09-01T10:36:48Z,INFO,api-0,request handled,252
2737,2026-09-02T10:37:01Z,INFO,api-1,request handled,259
2738,2026-09-03T10:38:14Z,INFO,api-2,request handled,266
2739,2026-09-04T10:39:27Z,INFO,api-3,request handled,273
2740,2026-09-05T10:40:40Z,INFO,api-4,request handled,280
2741,2026-09-06T10:41:53Z,INFO,api-5,request handled,287
2742,2026-09-07T10:42:06Z,INFO,api-6,request handled,294
2743,2026-09-08T10:43:19Z,INFO,api-7,request handled,301
2744,2026-09-01T10:44:32Z,INFO,api-8,request handled,308
2745,2026-09-02T10:45:45Z,INFO,api-9,request handled,315
2746,2026-09-03T10:46:58Z,INFO,api-10,request handled,322
2747,2026-09-04T10:47:11Z,INFO,api-11,request handled,329
2748,2026-09-05T10:48:24Z,INFO,api-0,request handled,336
2749,2026-09-06T10:49:37Z,INFO,api-1,request handled,343
2750,2026-09-07T10:50:50Z,INFO,api-2,request handled,350
2751,2026-09-08T10:51:03Z,INFO,api-3,request handled,357
2752,2026-09-01T10:52:16Z,INFO,api-4,request handled,364
2753,2026-09-02T10:53:29Z,INFO,api-5,request handled,371
2754,2026-09-03T10:54:42Z,INFO,api-6,request handled,378
2755,2026-09-04T10:55:55Z,INFO,api-7,request handled,385
2756,2026-09-05T10:56:08Z,INFO,api-8,request handled,392
2757,2026-09-06T10:57:21Z,INFO,api-9,request handled,399
2758,2026-09-07T10:58:34Z,INFO,api-10,request handled,406
2759,2026-09-08T10:59:47Z,INFO,api-11,request handled,413
2760,2026-09-01T10:00:00Z,INFO,api-0,request handled,420
2761,2026-09-02T10:01:13Z,INFO,api-1,request handled,427
2762,2026-09-03T10:02:26Z,INFO,api-2,request handled,434
2763,2026-09-04T10:03:39Z,INFO,api-3,request handled,441
2764,2026-09-05T10:04:52Z,INFO,api-4,request handled,448
2765,2026-09-06T10:05:05Z,INFO,api-5,request handled,455
2766,2026-09-07T10:06:18Z,INFO,api-6,request handled,462
2767,2026-09-08T10:07:31Z,INFO,api-7,request handled,469
2768,2026-09-01T10:08:44Z,INFO,api-8,request handled,476
2769,2026-09-02T10:09:57Z,INFO,api-9,request handled,483
2770,2026-09-03T10:10:10Z,INFO,api-10,request handled,490
2771,2026-09-04T10:11:23Z,INFO,api-11,request handled,497
2772,2026-09-05T10:12:36Z,INFO,api-0,request handled,504
2773,2026-09-06T10:13:49Z,INFO,api-1,request handled,511
2774,2026-09-07T10:14:02Z,INFO,api-2,request handled,518
2775,2026-09-08T10:15:15Z,INFO,api-3,request handled,525
2776,2026-09-01T10:16:28Z,INFO,api-4,request handled,532
2777,2026-09-02T10:17:41Z,INFO,api-5,request handled,539
2778,2026-09-03T10:18:54Z,INFO,api-6,request handled,546
2779,2026-09-04T10:19:07Z,INFO,api-7,request handled,553
2780,2026-09-05T10:20:20Z,INFO,api-8,request handled,560
2781,2026-09-06T10:21:33Z,INFO,api-9,request handled,567
2782,2026-09-07T10:22:46Z,INFO,api-10,request handled,574
2783,2026-09-08T10:23:59Z,INFO,api-11,request handled,581
2784,2026-09-01T10:24:12Z,INFO,api-0,request handled,588
2785,2026-09-02T10:25:25Z,INFO,api-1,request handled,595
2786,2026-09-03T10:26:38Z,INFO,api-2,request handled,602
2787,2026-09-04T10:27:51Z,INFO,api-3,request handled,609
2788,2026-09-05T10:28:04Z,INFO,api-4,request handled,616
2789,2026-09-06T10:29:17Z,INFO,api-5,request handled,623
2790,2026-09-07T10:30:30Z,INFO,api-6,request handled,630
2791,2026-09-08T10:31:43Z,INFO,api-7,request handled,637
2792,2026-09-01T10:32:56Z,INFO,api-8,request handled,644
2793,2026-09-02T10:33:09Z,INFO,api-9,request handled,651
2794,2026-09-03T10:34:22Z,INFO,api-10,request handled,658
2795,2026-09-04T10:35:35Z,INFO,api-11,request handled,665
2796,2026-09-05T10:36:48Z,INFO,api-0,request handled,672
2797,2026-09-06T10:37:01Z,INFO,api-1,request handled,679
2798,2026-09-07T10:38:14Z,INFO,api-2,request handled,686
2799,2026-09-08T10:39:27Z,INFO,api-3,request handled,693
2800,2026-09-01T10:40:40Z,INFO,api-4,request handled,700
2801,2026-09-02T10:41:53Z,INFO,api-5,request handled,707
2802,2026-09-03T10:42:06Z,INFO,api-6,request handled,714
2803,2026-09-04T10:43:19Z,INFO,api-7,request handled,721
2804,2026-09-05T10:44:32Z,INFO,api-8,request handled,728
2805,2026-09-06T10:45:45Z,INFO,api-9,request handled,735
2806,2026-09-07T10:46:58Z,INFO,api-10,request handled,742
2807,2026-09-08T10:47:11Z,INFO,api-11,request handled,749
2808,2026-09-01T10:48:24Z,INFO,api-0,request handled,756
2809,2026-09-02T10:49:37Z,INFO,api-1,request handled,763
2810,2026-09-03T10:50:50Z,INFO,api-2,request handled,770
2811,2026-09-04T10:51:03Z,INFO,api-3,request handled,777
2812,2026-09-05T10:52:16Z,INFO,api-4,request handled,784
2813,2026-09-06T10:53:29Z,WARN,api-5,request handled,791
2814,2026-09-07T10:54:42Z,INFO,api-6,request handled,798
2815,2026-09-08T10:55:55Z,INFO,api-7,request handled,805
2816,2026-09-01T10:56:08Z,INFO,api-8,request handled,812
2817,2026-09-02T10:57:21Z,INFO,api-9,request handled,819
2818,2026-09-03T10:58:34Z,INFO,api-10,request handled,826
2819,2026-09-04T10:59:47Z,INFO,api-11,request handled,833
2820,2026-09-05T10:00:00Z,INFO,api-0,request handled,840
2821,2026-09-06T10:01:13Z,INFO,api-1,request handled,847
2822,2026-09-07T10:02:26Z,INFO,api-2,request handled,854
2823,2026-09-08T10:03:39Z,INFO,api-3,request handled,861
2824,2026-09-01T10:04:52Z,INFO,api-4,request handled,868
2825,2026-09-02T10:05:05Z,INFO,api-5,request handled,875
2826,2026-09-03T10:06:18Z,INFO,api-6,request handled,882
2827,2026-09-04T10:07:31Z,INFO,api-7,request handled,889
2828,2026-09-05T10:08:44Z,INFO,api-8,request handled,896
2829,2026-09-06T10:09:57Z,INFO,api-9,request handled,3
2830,2026-09-07T10:10:10Z,INFO,api-10,request handled,10
2831,2026-09-08T10:11:23Z,INFO,api-11,request handled,17
2832,2026-09-01T10:12:36Z,INFO,api-0,request handled,24
2833,2026-09-02T10:13:49Z,INFO,api-1,request handled,31
2834,2026-09-03T10:14:02Z,INFO,api-2,request handled,38
2835,2026-09-04T10:15:15Z,INFO,api-3,request handled,45
2836,2026-09-05T10:16:28Z,INFO,api-4,request handled,52
2837,2026-09-06T10:17:41Z,INFO,api-5,request handled,59
2838,2026-09-07T10:18:54Z,INFO,api-6,request handled,66
2839,2026-09-08T10:19:07Z,INFO,api-7,request handled,73
2840,2026-09-01T10:20:20Z,INFO,api-8,request handled,80
2841,2026-09-02T10:21:33Z,INFO,api-9,request handled,87
2842,2026-09-03T10:22:46Z,INFO,api-10,request handled,94
2843,2026-09-04T10:23:59Z,INFO,api-11,request handled,101
2844,2026-09-05T10:24:12Z,INFO,api-0,request handled,108
2845,2026-09-06T10:25:25Z,INFO,api-1,request handled,115
2846,2026-09-07T10:26:38Z,INFO,api-2,request handled,122
2847,2026-09-08T10:27:51Z,INFO,api-3,request handled,129
2848,2026-09-01T10:28:04Z,INFO,api-4,request handled,136
2849,2026-09-02T10:29:17Z,INFO,api-5,request handled,143
2850,2026-09-03T10:30:30Z,INFO,api-6,request handled,150
2851,2026-09-04T10:31:43Z,INFO,api-7,request handled,157
2852,2026-09-05T10:32:56Z,INFO,api-8,request handled,164
2853,2026-09-06T10:33:09Z,INFO,api-9,request handled,171
2854,2026-09-07T10:34:22Z,INFO,api-10,request handled,178
2855,2026-09-08T10:35:35Z,INFO,api-11,request handled,185
2856,2026-09-01T10:36:48Z,INFO,api-0,request handled,192
2857,2026-09-02T10:37:01Z,INFO,api-1,request handled,199
2858,2026-09-03T10:38:14Z,INFO,api-2,request handled,206
2859,2026-09-04T10:39:27Z,INFO,api-3,request handled,213
2860,2026-09-05T10:40:40Z,INFO,api-4,request handled,220
2861,2026-09-06T10:41:53Z,INFO,api-5,request handled,227
2862,2026-09-07T10:42:06Z,INFO,api-6,request handled,234
2863,2026-09-08T10:43:19Z,INFO,api-7,request handled,241
2864,2026-09-01T10:44:32Z,INFO,api-8,request handled,248
2865,2026-09-02T10:45:45Z,INFO,api-9,request handled,255
2866,2026-09-03T10:46:58Z,INFO,api-10,request handled,262
2867,2026-09-04T10:47:11Z,INFO,api-11,request handled,269
2868,2026-09-05T10:48:24Z,INFO,api-0,request handled,276
2869,2026-09-06T10:49:37Z,INFO,api-1,request handled,283
2870,2026-09-07T10:50:50Z,INFO,api-2,request handled,290
2871,2026-09-08T10:51:03Z,INFO,api-3,request handled,297
2872,2026-09-01T10:52:16Z,INFO,api-4,request handled,304
2873,2026-09-02T10:53:29Z,INFO,api-5,request handled,311
2874,2026-09-03T10:54:42Z,INFO,api-6,request handled,318
2875,2026-09-04T10:55:55Z,INFO,api-7,request handled,325
2876,2026-09-05T10:56:08Z,INFO,api-8,request handled,332
2877,2026-09-06T10:57:21Z,INFO,api-9,request handled,339
2878,2026-09-07T10:58:34Z,INFO,api-10,request handled,346
2879,2026-09-08T10:59:47Z,INFO,api-11,request handled,353
2880,2026-09-01T10:00:00Z,INFO,api-0,request handled,360
2881,2026-09-02T10:01:13Z,INFO,api-1,request handled,367
2882,2026-09-03T10:02:26Z,INFO,api-2,request handled,374
2883,2026-09-04T10:03:39Z,INFO,api-3,request handled,381
2884,2026-09-05T10:04:52Z,INFO,api-4,request handled,388
2885,2026-09-06T10:05:05Z,INFO,api-5,request handled,395
2886,2026-09-07T10:06:18Z,INFO,api-6,request handled,402
2887,2026-09-08T10:07:31Z,INFO,api-7,request handled,409
2888,2026-09-01T10:08:44Z,INFO,api-8,request handled,416
2889,2026-09-02T10:09:57Z,INFO,api-9,request handled,423
2890,2026-09-03T10:10:10Z,INFO,api-10,request handled,430
2891,2026-09-04T10:11:23Z,INFO,api-11,request handled,437
2892,2026-09-05T10:12:36Z,INFO,api-0,request handled,444
2893,2026-09-06T10:13:49Z,INFO,api-1,request handled,451
2894,2026-09-07T10:14:02Z,INFO,api-2,request handled,458
2895,2026-09-08T10:15:15Z,INFO,api-3,request handled,465
2896,2026-09-01T10:16:28Z,INFO,api-4,request handled,472
2897,2026-09-02T10:17:41Z,INFO,api-5,request handled,479
2898,2026-09-03T10:18:54Z,INFO,api-6,request handled,486
2899,2026-09-04T10:19:07Z,INFO,api-7,request handled,493
2900,2026-09-05T10:20:20Z,INFO,api-8,request handled,500
2901,2026-09-06T10:21:33Z,INFO,api-9,request handled,507
2902,2026-09-07T10:22:46Z,INFO,api-10,request handled,514
2903,2026-09-08T10:23:59Z,INFO,api-11,request handled,521
2904,2026-09-01T10:24:12Z,INFO,api-0,request handled,528
2905,2026-09-02T10:25:25Z,INFO,api-1,request handled,535
2906,2026-09-03T10:26:38Z,INFO,api-2,request handled,542
2907,2026-09-04T10:27:51Z,INFO,api-3,request handled,549
2908,2026-09-05T10:28:04Z,INFO,api-4,request handled,556
2909,2026-09-06T10:29:17Z,INFO,api-5,request handled,563
2910,2026-09-07T10:30:30Z,WARN,api-6,request handled,570
2911,2026-09-08T10:31:43Z,INFO,api-7,request handled,577
2912,2026-09-01T10:32:56Z,INFO,api-8,request handled,584
2913,2026-09-02T10:33:09Z,INFO,api-9,request handled,591
2914,2026-09-03T10:34:22Z,INFO,api-10,request handled,598
2915,2026-09-04T10:35:35Z,INFO,api-11,request handled,605
2916,2026-09-05T10:36:48Z,INFO,api-0,request handled,612
2917,2026-09-06T10:37:01Z,INFO,api-1,request handled,619
2918,2026-09-07T10:38:14Z,INFO,api-2,request handled,626
2919,2026-09-08T10:39:27Z,INFO,api-3,request handled,633
2920,2026-09-01T10:40:40Z,INFO,api-4,request handled,640
2921,2026-09-02T10:41:53Z,INFO,api-5,request handled,647
2922,2026-09-03T10:42:06Z,INFO,api-6,request handled,654
2923,2026-09-04T10:43:19Z,INFO,api-7,request handled,661
2924,2026-09-05T10:44:32Z,INFO,api-8,request handled,668
2925,2026-09-06T10:45:45Z,INFO,api-9,request handled,675
2926,2026-09-07T10:46:58Z,INFO,api-10,request handled,682
2927,2026-09-08T10:47:11Z,INFO,api-11,request handled,689
2928,2026-09-01T10:48:24Z,INFO,api-0,request handled,696
2929,2026-09-02T10:49:37Z,INFO,api-1,request handled,703
2930,2026-09-03T10:50:50Z,INFO,api-2,request handled,710
2931,2026-09-04T10:51:03Z,INFO,api-3,request handled,717
2932,2026-09-05T10:52:16Z,INFO,api-4,request handled,724
2933,2026-09-06T10:53:29Z,INFO,api-5,request handled,731
2934,2026-09-07T10:54:42Z,INFO,api-6,request handled,738
2935,2026-09-08T10:55:55Z,INFO,api-7,request handled,745
2936,2026-09-01T10:56:08Z,INFO,api-8,request handled,752
2937,2026-09-02T10:57:21Z,INFO,api-9,request handled,759
2938,2026-09-03T10:58:34Z,INFO,api-10,request handled,766
2939,2026-09-04T10:59:47Z,INFO,api-11,request handled,773
2940,2026-09-05T10:00:00Z,INFO,api-0,request handled,780
2941,2026-09-06T10:01:13Z,INFO,api-1,request handled,787
2942,2026-09-07T10:02:26Z,INFO,api-2,request handled,794
2943,2026-09-08T10:03:39Z,INFO,api-3,request handled,801
2944,2026-09-01T10:04:52Z,INFO,api-4,request handled,808
2945,2026-09-02T10:05:05Z,INFO,api-5,request handled,815
2946,2026-09-03T10:06:18Z,INFO,api-6,request handled,822
2947,2026-09-04T10:07:31Z,INFO,api-7,request handled,829
2948,2026-09-05T10:08:44Z,INFO,api-8,request handled,836
2949,2026-09-06T10:09:57Z,INFO,api-9,request handled,843
2950,2026-09-07T10:10:10Z,INFO,api-10,request handled,850
2951,2026-09-08T10:11:23Z,INFO,api-11,request handled,857
2952,2026-09-01T10:12:36Z,INFO,api-0,request handled,864
2953,2026-09-02T10:13:49Z,INFO,api-1,request handled,871
2954,2026-09-03T10:14:02Z,INFO,api-2,request handled,878
2955,2026-09-04T10:15:15Z,INFO,api-3,request handled,885
2956,2026-09-05T10:16:28Z,INFO,api-4,request handled,892
2957,2026-09-06T10:17:41Z,INFO,api-5,request handled,899
2958,2026-09-07T10:18:54Z,INFO,api-6,request handled,6
2959,2026-09-08T10:19:07Z,INFO,api-7,request handled,13
2960,2026-09-01T10:20:20Z,INFO,api-8,request handled,20
2961,2026-09-02T10:21:33Z,INFO,api-9,request handled,27
2962,2026-09-03T10:22:46Z,INFO,api-10,request handled,34
2963,2026-09-04T10:23:59Z,INFO,api-11,request handled,41
2964,2026-09-05T10:24:12Z,INFO,api-0,request handled,48
2965,2026-09-06T10:25:25Z,INFO,api-1,request handled,55
2966,2026-09-07T10:26:38Z,INFO,api-2,request handled,62
2967,2026-09-08T10:27:51Z,INFO,api-3,request handled,69
2968,2026-09-01T10:28:04Z,INFO,api-4,request handled,76
2969,2026-09-02T10:29:17Z,INFO,api-5,request handled,83
2970,2026-09-03T10:30:30Z,INFO,api-6,request handled,90
2971,2026-09-04T10:31:43Z,INFO,api-7,request handled,97
2972,2026-09-05T10:32:56Z,INFO,api-8,request handled,104
2973,2026-09-06T10:33:09Z,INFO,api-9,request handled,111
2974,2026-09-07T10:34:22Z,INFO,api-10,request handled,118
2975,2026-09-08T10:35:35Z,INFO,api-11,request handled,125
2976,2026-09-01T10:36:48Z,INFO,api-0,request handled,132
2977,2026-09-02T10:37:01Z,INFO,api-1,request handled,139
2978,2026-09-03T10:38:14Z,INFO,api-2,request handled,146
2979,2026-09-04T10:39:27Z,INFO,api-3,request handled,153
2980,2026-09-05T10:40:40Z,INFO,api-4,request handled,160
2981,2026-09-06T10:41:53Z,INFO,api-5,request handled,167
2982,2026-09-07T10:42:06Z,INFO,api-6,request handled,174
2983,2026-09-08T10:43:19Z,INFO,api-7,request handled,181
2984,2026-09-01T10:44:32Z,INFO,api-8,request handled,188
2985,2026-09-02T10:45:45Z,INFO,api-9,request handled,195
2986,2026-09-03T10:46:58Z,INFO,api-10,request handled,202
2987,2026-09-04T10:47:11Z,INFO,api-11,request handled,209
2988,2026-09-05T10:48:24Z,INFO,api-0,request handled,216
2989,2026-09-06T10:49:37Z,INFO,api-1,request handled,223
2990,2026-09-07T10:50:50Z,INFO,api-2,request handled,230
2991,2026-09-08T10:51:03Z,INFO,api-3,request handled,237
2992,2026-09-01T10:52:16Z,INFO,api-4,request handled,244
2993,2026-09-02T10:53:29Z,INFO,api-5,request handled,251
2994,2026-09-03T10:54:42Z,INFO,api-6,request handled,258
2995,2026-09-04T10:55:55Z,INFO,api-7,request handled,265
2996,2026-09-05T10:56:08Z,INFO,api-8,request handled,272
2997,2026-09-06T10:57:21Z,INFO,api-9,request handled,279
2998,2026-09-07T10:58:34Z,INFO,api-10,request handled,286
2999,2026-09-08T10:59:47Z,INFO,api-11,request handled,293
3000,2026-09-01T10:00:00Z,ERROR,api-0,request handled,300
3001,2026-09-02T10:01:13Z,INFO,api-1,request handled,307
3002,2026-09-03T10:02:26Z,INFO,api-2,request handled,314
3003,2026-09-04T10:03:39Z,INFO,api-3,request handled,321
3004,2026-09-05T10:04:52Z,INFO,api-4,request handled,328
3005,2026-09-06T10:05:05Z,INFO,api-5,request handled,335
3006,2026-09-07T10:06:18Z,INFO,api-6,request handled,342
3007,2026-09-08T10:07:31Z,WARN,api-7,request handled,349
3008,2026-09-01T10:08:44Z,INFO,api-8,request handled,356
3009,2026-09-02T10:09:57Z,INFO,api-9,request handled,363
3010,2026-09-03T10:10:10Z,INFO,api-10,request handled,370
3011,2026-09-04T10:11:23Z,INFO,api-11,request handled,377
3012,2026-09-05T10:12:36Z,INFO,api-0,request handled,384
3013,2026-09-06T10:13:49Z,INFO,api-1,request handled,391
3014,2026-09-07T10:14:02Z,INFO,api-2,request handled,398
3015,2026-09-08T10:15:15Z,INFO,api-3,request handled,405
3016,2026-09-01T10:16:28Z,INFO,api-4,request handled,412
3017,2026-09-02T10:17:41Z,INFO,api-5,request handled,419
3018,2026-09-03T10:18:54Z,INFO,api-6,request handled,426
3019,2026-09-04T10:19:07Z,INFO,api-7,request handled,433
3020,2026-09-05T10:20:20Z,INFO,api-8,request handled,440
3021,2026-09-06T10:21:33Z,INFO,api-9,request handled,447
3022,2026-09-07T10:22:46Z,INFO,api-10,request handled,454
3023,2026-09-08T10:23:59Z,INFO,api-11,request handled,461
3024,2026-09-01T10:24:12Z,INFO,api-0,request handled,468
3025,2026-09-02T10:25:25Z,INFO,api-1,request handled,475
3026,2026-09-03T10:26:38Z,INFO,api-2,request handled,482
3027,2026-09-04T10:27:51Z,INFO,api-3,request handled,489
3028,2026-09-05T10:28:04Z,INFO,api-4,request handled,496
3029,2026-09-06T10:29:17Z,INFO,api-5,request handled,503
3030,2026-09-07T10:30:30Z,INFO,api-6,request handled,510
3031,2026-09-08T10:31:43Z,INFO,api-7,request handled,517
3032,2026-09-01T10:32:56Z,INFO,api-8,request handled,524
3033,2026-09-02T10:33:09Z,INFO,api-9,request handled,531
3034,2026-09-03T10:34:22Z,INFO,api-10,request handled,538
3035,2026-09-04T10:35:35Z,INFO,api-11,request handled,545
3036,2026-09-05T10:36:48Z,INFO,api-0,request handled,552
3037,2026-09-06T10:37:01Z,INFO,api-1,request handled,559
3038,2026-09-07T10:38:14Z,INFO,api-2,request handled,566
3039,2026-09-08T10:39:27Z,INFO,api-3,request handled,573
3040,2026-09-01T10:40:40Z,INFO,api-4,request handled,580
3041,2026-09-02T10:41:53Z,INFO,api-5,request handled,587
3042,2026-09-03T10:42:06Z,INFO,api-6,request handled,594
3043,2026-09-04T10:43:19Z,INFO,api-7,request handled,601
3044,2026-09-05T10:44:32Z,INFO,api-8,request handled,608
3045,2026-09-06T10:45:45Z,INFO,api-9,request handled,615
3046,2026-09-07T10:46:58Z,INFO,api-10,request handled,622
3047,2026-09-08T10:47:11Z,INFO,api-11,request handled,629
3048,2026-09-01T10:48:24Z,INFO,api-0,request handled,636
3049,2026-09-02T10:49:37Z,INFO,api-1,request handled,643
3050,2026-09-03T10:50:50Z,INFO,api-2,request handled,650
3051,2026-09-04T10:51:03Z,INFO,api-3,request handled,657
3052,2026-09-05T10:52:16Z,INFO,api-4,request handled,664
3053,2026-09-06T10:53:29Z,INFO,api-5,request handled,671
3054,2026-09-07T10:54:42Z,INFO,api-6,request handled,678
3055,2026-09-08T10:55:55Z,INFO,api-7,request handled,685
3056,2026-09-01T10:56:08Z,INFO,api-8,request handled,692
3057,2026-09-02T10:57:21Z,INFO,api-9,request handled,699
3058,2026-09-03T10:58:34Z,INFO,api-10,request handled,706
3059,2026-09-04T10:59:47Z,INFO,api-11,request handled,713
3060,2026-09-05T10:00:00Z,INFO,api-0,request handled,720
3061,2026-09-06T10:01:13Z,INFO,api-1,request handled,727
3062,2026-09-07T10:02:26Z,INFO,api-2,request handled,734
3063,2026-09-08T10:03:39Z,INFO,api-3,request handled,741
3064,2026-09-01T10:04:52Z,INFO,api-4,request handled,748
3065,2026-09-02T10:05:05Z,INFO,api-5,request handled,755
3066,2026-09-03T10:06:18Z,INFO,api-6,request handled,762
3067,2026-09-04T10:07:31Z,INFO,api-7,request handled,769
3068,2026-09-05T10:08:44Z,INFO,api-8,request handled,776
3069,2026-09-06T10:09:57Z,INFO,api-9,request handled,783
3070,2026-09-07T10:10:10Z,INFO,api-10,request handled,790
3071,2026-09-08T10:11:23Z,INFO,api-11,request handled,797
3072,2026-09-01T10:12:36Z,INFO,api-0,request handled,804
3073,2026-09-02T10:13:49Z,INFO,api-1,request handled,811
3074,2026-09-03T10:14:02Z,INFO,api-2,request handled,818
3075,2026-09-04T10:15:15Z,INFO,api-3,request handled,825
3076,2026-09-05T10:16:28Z,INFO,api-4,request handled,832
3077,2026-09-06T10:17:41Z,INFO,api-5,request handled,839
3078,2026-09-07T10:18:54Z,INFO,api-6,request handled,846
3079,2026-09-08T10:19:07Z,INFO,api-7,request handled,853
3080,2026-09-01T10:20:20Z,INFO,api-8,request handled,860
3081,2026-09-02T10:21:33Z,INFO,api-9,request handled,867
3082,2026-09-03T10:22:46Z,INFO,api-10,request handled,874
3083,2026-09-04T10:23:59Z,INFO,api-11,request handled,881
3084,2026-09-05T10:24:12Z,INFO,api-0,request handled,888
3085,2026-09-06T10:25:25Z,INFO,api-1,request handled,895
3086,2026-09-07T10:26:38Z,INFO,api-2,request handled,2
3087,2026-09-08T10:27:51Z,INFO,api-3,request handled,9
3088,2026-09-01T10:28:04Z,INFO,api-4,request handled,16
3089,2026-09-02T10:29:17Z,INFO,api-5,request handled,23
3090,2026-09-03T10:30:30Z,INFO,api-6,request handled,30
3091,2026-09-04T10:31:43Z,INFO,api-7,request handled,37
3092,2026-09-05T10:32:56Z,INFO,api-8,request handled,44
3093,2026-09-06T10:33:09Z,INFO,api-9,request handled,51
3094,2026-09-07T10:34:22Z,INFO,api-10,request handled,58
3095,2026-09-08T10:35:35Z,INFO,api-11,request handled,65
3096,2026-09-01T10:36:48Z,INFO,api-0,request handled,72
3097,2026-09-02T10:37:01Z,INFO,api-1,request handled,79
3098,2026-09-03T10:38:14Z,INFO,api-2,request handled,86
3099,2026-09-04T10:39:27Z,INFO,api-3,request handled,93
3100,2026-09-05T10:40:40Z,INFO,api-4,request handled,100
3101,2026-09-06T10:41:53Z,INFO,api-5,request handled,107
3102,2026-09-07T10:42:06Z,INFO,api-6,request handled,114
3103,2026-09-08T10:43:19Z,INFO,api-7,request handled,121
3104,2026-09-01T10:44:32Z,WARN,api-8,request handled,128
3105,2026-09-02T10:45:45Z,INFO,api-9,request handled,135
3106,2026-09-03T10:46:58Z,INFO,api-10,request handled,142
3107,2026-09-04T10:47:11Z,INFO,api-11,request handled,149
3108,2026-09-05T10:48:24Z,INFO,api-0,request handled,156
3109,2026-09-06T10:49:37Z,INFO,api-1,request handled,163
3110,2026-09-07T10:50:50Z,INFO,api-2,request handled,170
3111,2026-09-08T10:51:03Z,INFO,api-3,request handled,177
3112,2026-09-01T10:52:16Z,INFO,api-4,request handled,184
3113,2026-09-02T10:53:29Z,INFO,api-5,request handled,191
3114,2026-09-03T10:54:42Z,INFO,api-6,request handled,198
3115,2026-09-04T10:55:55Z,INFO,api-7,request handled,205
3116,2026-09-05T10:56:08Z,INFO,api-8,request handled,212
3117,2026-09-06T10:57:21Z,INFO,api-9,request handled,219
3118,2026-09-07T10:58:34Z,INFO,api-10,request handled,226
3119,2026-09-08T10:59:47Z,INFO,api-11,request handled,233
3120,2026-09-01T10:00:00Z,INFO,api-0,request handled,240
3121,2026-09-02T10:01:13Z,INFO,api-1,request handled,247
3122,2026-09-03T10:02:26Z,INFO,api-2,request handled,254
3123,2026-09-04T10:03:39Z,INFO,api-3,request handled,261
3124,2026-09-05T10:04:52Z,INFO,api-4,request handled,268
3125,2026-09-06T10:05:05Z,INFO,api-5,request handled,275
3126,2026-09-07T10:06:18Z,INFO,api-6,request handled,282
3127,2026-09-08T10:07:31Z,INFO,api-7,request handled,289
3128,2026-09-01T10:08:44Z,INFO,api-8,request handled,296
3129,2026-09-02T10:09:57Z,INFO,api-9,request handled,303
3130,2026-09-03T10:10:10Z,INFO,api-10,request handled,310
3131,2026-09-04T10:11:23Z,INFO,api-11,request handled,317
3132,2026-09-05T10:12:36Z,INFO,api-0,request handled,324
3133,2026-09-06T10:13:49Z,INFO,api-1,request handled,331
3134,2026-09-07T10:14:02Z,INFO,api-2,request handled,338
3135,2026-09-08T10:15:15Z,INFO,api-3,request handled,345
3136,2026-09-01T10:16:28Z,INFO,api-4,request handled,352
3137,2026-09-02T10:17:41Z,INFO,api-5,request handled,359
3138,2026-09-03T10:18:54Z,INFO,api-6,request handled,366
3139,2026-09-04T10:19:07Z,INFO,api-7,request handled,373
3140,2026-09-05T10:20:20Z,INFO,api-8,request handled,380
3141,2026-09-06T10:21:33Z,INFO,api-9,request handled,387
3142,2026-09-07T10:22:46Z,INFO,api-10,request handled,394
3143,2026-09-08T10:23:59Z,INFO,api-11,request handled,401
3144,2026-09-01T10:24:12Z,INFO,api-0,request handled,408
3145,2026-09-02T10:25:25Z,INFO,api-1,request handled,415
3146,2026-09-03T10:26:38Z,INFO,api-2,request handled,422
3147,2026-09-04T10:27:51Z,INFO,api-3,request handled,429
3148,2026-09-05T10:28:04Z,INFO,api-4,request handled,436
3149,2026-09-06T10:29:17Z,INFO,api-5,request handled,443
3150,2026-09-07T10:30:30Z,INFO,api-6,request handled,450
3151,2026-09-08T10:31:43Z,INFO,api-7,request handled,457
3152,2026-09-01T10:32:56Z,INFO,api-8,request handled,464
3153,2026-09-02T10:33:09Z,INFO,api-9,request handled,471
3154,2026-09-03T10:34:22Z,INFO,api-10,request handled,478
3155,2026-09-04T10:35:35Z,INFO,api-11,request handled,485
3156,2026-09-05T10:36:48Z,INFO,api-0,request handled,492
3157,2026-09-06T10:37:01Z,INFO,api-1,request handled,499
3158,2026-09-07T10:38:14Z,INFO,api-2,request handled,506
3159,2026-09-08T10:39:27Z,INFO,api-3,request handled,513
3160,2026-09-01T10:40:40Z,INFO,api-4,request handled,520
3161,2026-09-02T10:41:53Z,INFO,api-5,request handled,527
3162,2026-09-03T10:42:06Z,INFO,api-6,request handled,534
3163,2026-09-04T10:43:19Z,INFO,api-7,request handled,541
3164,2026-09-05T10:44:32Z,INFO,api-8,request handled,548
3165,2026-09-06T10:45:45Z,INFO,api-9,request handled,555
3166,2026-09-07T10:46:58Z,INFO,api-10,request handled,562
3167,2026-09-08T10:47:11Z,INFO,api-11,request handled,569
3168,2026-09-01T10:48:24Z,INFO,api-0,request handled,576
3169,2026-09-02T10:49:37Z,INFO,api-1,request handled,583
3170,2026-09-03T10:50:50Z,INFO,api-2,request handled,590
3171,2026-09-04T10:51:03Z,INFO,api-3,request handled,597
3172,2026-09-05T10:52:16Z,INFO,api-4,request handled,604
3173,2026-09-06T10:53:29Z,INFO,api-5,request handled,611
3174,2026-09-07T10:54:42Z,INFO,api-6,request handled,618
3175,2026-09-08T10:55:55Z,INFO,api-7,request handled,625
3176,2026-09-01T10:56:08Z,INFO,api-8,request handled,632
3177,2026-09-02T10:57:21Z,INFO,api-9,request handled,639
3178,2026-09-03T10:58:34Z,INFO,api-10,request handled,646
3179,2026-09-04T10:59:47Z,INFO,api-11,request handled,653
3180,2026-09-05T10:00:00Z,INFO,api-0,request handled,660
3181,2026-09-06T10:01:13Z,INFO,api-1,request handled,667
3182,2026-09-07T10:02:26Z,INFO,api-2,request handled,674
3183,2026-09-08T10:03:39Z,INFO,api-3,request handled,681
3184,2026-09-01T10:04:52Z,INFO,api-4,request handled,688
3185,2026-09-02T10:05:05Z,INFO,api-5,request handled,695
3186,2026-09-03T10:06:18Z,INFO,api-6,request handled,702
3187,2026-09-04T10:07:31Z,INFO,api-7,request handled,709
3188,2026-09-05T10:08:44Z,INFO,api-8,request handled,716
3189,2026-09-06T10:09:57Z,INFO,api-9,request handled,723
3190,2026-09-07T10:10:10Z,INFO,api-10,request handled,730
3191,2026-09-08T10:11:23Z,INFO,api-11,request handled,737
3192,2026-09-01T10:12:36Z,INFO,api-0,request handled,744
3193,2026-09-02T10:13:49Z,INFO,api-1,request handled,751
3194,2026-09-03T10:14:02Z,INFO,api-2,request handled,758
3195,2026-09-04T10:15:15Z,INFO,api-3,request handled,765
3196,2026-09-05T10:16:28Z,INFO,api-4,request handled,772
3197,2026-09-06T10:17:41Z,INFO,api-5,request handled,779
3198,2026-09-07T10:18:54Z,INFO,api-6,request handled,786
3199,2026-09-08T10:19:07Z,INFO,api-7,request handled,793
3200,2026-09-01T10:20:20Z,INFO,api-8,request handled,800
3201,2026-09-02T10:21:33Z,WARN,api-9,request handled,807
3202,2026-09-03T10:22:46Z,INFO,api-10,request handled,814
3203,2026-09-04T10:23:59Z,INFO,api-11,request handled,821
3204,2026-09-05T10:24:12Z,INFO,api-0,request handled,828
3205,2026-09-06T10:25:25Z,INFO,api-1,request handled,835
3206,2026-09-07T10:26:38Z,INFO,api-2,request handled,842
3207,2026-09-08T10:27:51Z,INFO,api-3,request handled,849
3208,2026-09-01T10:28:04Z,INFO,api-4,request handled,856
3209,2026-09-02T10:29:17Z,INFO,api-5,request handled,863
3210,2026-09-03T10:30:30Z,INFO,api-6,request handled,870
3211,2026-09-04T10:31:43Z,INFO,api-7,request handled,877
3212,2026-09-05T10:32:56Z,INFO,api-8,request handled,884
3213,2026-09-06T10:33:09Z,INFO,api-9,request handled,891
3214,2026-09-07T10:34:22Z,INFO,api-10,request handled,898
3215,2026-09-08T10:35:35Z,INFO,api-11,request handled,5
3216,2026-09-01T10:36:48Z,INFO,api-0,request handled,12
3217,2026-09-02T10:37:01Z,INFO,api-1,request handled,19
3218,2026-09-03T10:38:14Z,INFO,api-2,request handled,26
3219,2026-09-04T10:39:27Z,INFO,api-3,request handled,33
3220,2026-09-05T10:40:40Z,INFO,api-4,request handled,40
3221,2026-09-06T10:41:53Z,INFO,api-5,request handled,47
3222,2026-09-07T10:42:06Z,INFO,api-6,request handled,54
3223,2026-09-08T10:43:19Z,INFO,api-7,request handled,61
3224,2026-09-01T10:44:32Z,INFO,api-8,request handled,68
3225,2026-09-02T10:45:45Z,INFO,api-9,request handled,75
3226,2026-09-03T10:46:58Z,INFO,api-10,request handled,82
3227,2026-09-04T10:47:11Z,INFO,api-11,request handled,89
3228,2026-09-05T10:48:24Z,INFO,api-0,request handled,96
3229,2026-09-06T10:49:37Z,INFO,api-1,request handled,103
3230,2026-09-07T10:50:50Z,INFO,api-2,request handled,110
3231,2026-09-08T10:51:03Z,INFO,api-3,request handled,117
3232,2026-09-01T10:52:16Z,INFO,api-4,request handled,124
3233,2026-09-02T10:53:29Z,INFO,api-5,request handled,131
3234,2026-09-03T10:54:42Z,INFO,api-6,request handled,138
3235,2026-09-04T10:55:55Z,INFO,api-7,request handled,145
3236,2026-09-05T10:56:08Z,INFO,api-8,request handled,152
3237,2026-09-06T10:57:21Z,INFO,api-9,request handled,159
3238,2026-09-07T10:58:34Z,INFO,api-10,request handled,166
3239,2026-09-08T10:59:47Z,INFO,api-11,request handled,173
3240,2026-09-01T10:00:00Z,INFO,api-0,request handled,180
3241,2026-09-02T10:01:13Z,INFO,api-1,request handled,187
3242,2026-09-03T10:02:26Z,INFO,api-2,request handled,194
3243,2026-09-04T10:03:39Z,INFO,api-3,request handled,201
3244,2026-09-05T10:04:52Z,INFO,api-4,request handled,208
3245,2026-09-06T10:05:05Z,INFO,api-5,request handled,215
3246,2026-09-07T10:06:18Z,INFO,api-6,request handled,222
3247,2026-09-08T10:07:31Z,INFO,api-7,request handled,229
3248,2026-09-01T10:08:44Z,INFO,api-8,request handled,236
3249,2026-09-02T10:09:57Z,INFO,api-9,request handled,243
3250,2026-09-03T10:10:10Z,INFO,api-10,request handled,250
3251,2026-09-04T10:11:23Z,INFO,api-11,request handled,257
3252,2026-09-05T10:12:36Z,INFO,api-0,request handled,264
3253,2026-09-06T10:13:49Z,INFO,api-1,request handled,271
3254,2026-09-07T10:14:02Z,INFO,api-2,request handled,278
3255,2026-09-08T10:15:15Z,INFO,api-3,request handled,285
3256,2026-09-01T10:16:28Z,INFO,api-4,request handled,292
3257,2026-09-02T10:17:41Z,INFO,api-5,request handled,299
3258,2026-09-03T10:18:54Z,INFO,api-6,request handled,306
3259,2026-09-04T10:19:07Z,INFO,api-7,request handled,313
3260,2026-09-05T10:20:20Z,INFO,api-8,request handled,320
3261,2026-09-06T10:21:33Z,INFO,api-9,request handled,327
3262,2026-09-07T10:22:46Z,INFO,api-10,request handled,334
3263,2026-09-08T10:23:59Z,INFO,api-11,request handled,341
3264,2026-09-01T10:24:12Z,INFO,api-0,request handled,348
3265,2026-09-02T10:25:25Z,INFO,api-1,request handled,355
3266,2026-09-03T10:26:38Z,INFO,api-2,request handled,362
3267,2026-09-04T10:27:51Z,INFO,api-3,request handled,369
3268,2026-09-05T10:28:04Z,INFO,api-4,request handled,376
3269,2026-09-06T10:29:17Z,INFO,api-5,request handled,383
3270,2026-09-07T10:30:30Z,INFO,api-6,request handled,390
3271,2026-09-08T10:31:43Z,INFO,api-7,request handled,397
3272,2026-09-01T10:32:56Z,INFO,api-8,request handled,404
3273,2026-09-02T10:33:09Z,INFO,api-9,request handled,411
3274,2026-09-03T10:34:22Z,INFO,api-10,request handled,418
3275,2026-09-04T10:35:35Z,INFO,api-11,request handled,425
3276,2026-09-05T10:36:48Z,INFO,api-0,request handled,432
3277,2026-09-06T10:37:01Z,INFO,api-1,request handled,439
3278,2026-09-07T10:38:14Z,INFO,api-2,request handled,446
3279,2026-09-08T10:39:27Z,INFO,api-3,request handled,453
3280,2026-09-01T10:40:40Z,INFO,api-4,request handled,460
3281,2026-09-02T10:41:53Z,INFO,api-5,request handled,467
3282,2026-09-03T10:42:06Z,INFO,api-6,request handled,474
3283,2026-09-04T10:43:19Z,INFO,api-7,request handled,481
3284,2026-09-05T10:44:32Z,INFO,api-8,request handled,488
3285,2026-09-06T10:45:45Z,INFO,api-9,request handled,495
3286,2026-09-07T10:46:58Z,INFO,api-10,request handled,502
3287,2026-09-08T10:47:11Z,INFO,api-11,request handled,509
3288,2026-09-01T10:48:24Z,INFO,api-0,request handled,516
3289,2026-09-02T10:49:37Z,INFO,api-1,request handled,523
3290,2026-09-03T10:50:50Z,INFO,api-2,request handled,530
3291,2026-09-04T10:51:03Z,INFO,api-3,request handled,537
3292,2026-09-05T10:52:16Z,INFO,api-4,request handled,544
3293,2026-09-06T10:53:29Z,INFO,api-5,request handled,551
3294,2026-09-07T10:54:42Z,INFO,api-6,request handled,558
3295,2026-09-08T10:55:55Z,INFO,api-7,request handled,565
3296,2026-09-01T10:56:08Z,INFO,api-8,request handled,572
3297,2026-09-02T10:57:21Z,INFO,api-9,request handled,579
3298,2026-09-03T10:58:34Z,WARN,api-10,request handled,586
3299,2026-09-04T10:59:47Z,INFO,api-11,request handled,593
3300,2026-09-05T10:00:00Z,INFO,api-0,request handled,600
3301,2026-09-06T10:01:13Z,INFO,api-1,request handled,607
3302,2026-09-07T10:02:26Z,INFO,api-2,request handled,614
3303,2026-09-08T10:03:39Z,INFO,api-3,request handled,621
3304,2026-09-01T10:04:52Z,INFO,api-4,request handled,628
3305,2026-09-02T10:05:05Z,INFO,api-5,request handled,635
3306,2026-09-03T10:06:18Z,INFO,api-6,request handled,642
3307,2026-09-04T10:07:31Z,INFO,api-7,request handled,649
3308,2026-09-05T10:08:44Z,INFO,api-8,request handled,656
3309,2026-09-06T10:09:57Z,INFO,api-9,request handled,663
3310,2026-09-07T10:10:10Z,INFO,api-10,request handled,670
3311,2026-09-08T10:11:23Z,INFO,api-11,request handled,677
3312,2026-09-01T10:12:36Z,INFO,api-0,request handled,684
3313,2026-09-02T10:13:49Z,INFO,api-1,request handled,691
3314,2026-09-03T10:14:02Z,INFO,api-2,request handled,698
3315,2026-09-04T10:15:15Z,INFO,api-3,request handled,705
3316,2026-09-05T10:16:28Z,INFO,api-4,request handled,712
3317,2026-09-06T10:17:41Z,INFO,api-5,request handled,719
3318,2026-09-07T10:18:54Z,INFO,api-6,request handled,726
3319,2026-09-08T10:19:07Z,INFO,api-7,request handled,733
3320,2026-09-01T10:20:20Z,INFO,api-8,request handled,740
3321,2026-09-02T10:21:33Z,INFO,api-9,request handled,747
3322,2026-09-03T10:22:46Z,INFO,api-10,request handled,754
3323,2026-09-04T10:23:59Z,INFO,api-11,request handled,761
3324,2026-09-05T10:24:12Z,INFO,api-0,request handled,768
3325,2026-09-06T10:25:25Z,INFO,api-1,request handled,775
3326,2026-09-07T10:26:38Z,INFO,api-2,request handled,782
3327,2026-09-08T10:27:51Z,INFO,api-3,request handled,789
3328,2026-09-01T10:28:04Z,INFO,api-4,request handled,796
3329,2026-09-02T10:29:17Z,INFO,api-5,request handled,803
3330,2026-09-03T10:30:30Z,INFO,api-6,request handled,810
3331,2026-09-04T10:31:43Z,INFO,api-7,request handled,817
3332,2026-09-05T10:32:56Z,INFO,api-8,request handled,824
3333,2026-09-06T10:33:09Z,INFO,api-9,request handled,831
3334,2026-09-07T10:34:22Z,INFO,api-10,request handled,838
3335,2026-09-08T10:35:35Z,INFO,api-11,request handled,845
3336,2026-09-01T10:36:48Z,INFO,api-0,request handled,852
3337,2026-09-02T10:37:01Z,INFO,api-1,request handled,859
3338,2026-09-03T10:38:14Z,INFO,api-2,request handled,866
3339,2026-09-04T10:39:27Z,INFO,api-3,request handled,873
3340,2026-09-05T10:40:40Z,INFO,api-4,request handled,880
3341,2026-09-06T10:41:53Z,INFO,api-5,request handled,887
3342,2026-09-07T10:42:06Z,INFO,api-6,request handled,894
3343,2026-09-08T10:43:19Z,INFO,api-7,request handled,1
3344,2026-09-01T10:44:32Z,INFO,api-8,request handled,8
3345,2026-09-02T10:45:45Z,INFO,api-9,request handled,15
3346,2026-09-03T10:46:58Z,INFO,api-10,request handled,22
3347,2026-09-04T10:47:11Z,INFO,api-11,request handled,29
3348,2026-09-05T10:48:24Z,INFO,api-0,request handled,36
3349,2026-09-06T10:49:37Z,INFO,api-1,request handled,43
3350,2026-09-07T10:50:50Z,INFO,api-2,request handled,50
3351,2026-09-08T10:51:03Z,INFO,api-3,request handled,57
3352,2026-09-01T10:52:16Z,INFO,api-4,request handled,64
3353,2026-09-02T10:53:29Z,INFO,api-5,request handled,71
3354,2026-09-03T10:54:42Z,INFO,api-6,request handled,78
3355,2026-09-04T10:55:55Z,INFO,api-7,request handled,85
3356,2026-09-05T10:56:08Z,INFO,api-8,request handled,92
3357,2026-09-06T10:57:21Z,INFO,api-9,request handled,99
3358,2026-09-07T10:58:34Z,INFO,api-10,request handled,106
3359,2026-09-08T10:59:47Z,INFO,api-11,request handled,113
3360,2026-09-01T10:00:00Z,INFO,api-0,request handled,120
3361,2026-09-02T10:01:13Z,INFO,api-1,request handled,127
3362,2026-09-03T10:02:26Z,INFO,api-2,request handled,134
3363,2026-09-04T10:03:39Z,INFO,api-3,request handled,141
3364,2026-09-05T10:04:52Z,INFO,api-4,request handled,148
3365,2026-09-06T10:05:05Z,INFO,api-5,request handled,155
3366,2026-09-07T10:06:18Z,INFO,api-6,request handled,162
3367,2026-09-08T10:07:31Z,INFO,api-7,request handled,169
3368,2026-09-01T10:08:44Z,INFO,api-8,request handled,176
3369,2026-09-02T10:09:57Z,INFO,api-9,request handled,183
3370,2026-09-03T10:10:10Z,INFO,api-10,request handled,190
3371,2026-09-04T10:11:23Z,INFO,api-11,request handled,197
3372,2026-09-05T10:12:36Z,INFO,api-0,request handled,204
3373,2026-09-06T10:13:49Z,INFO,api-1,request handled,211
3374,2026-09-07T10:14:02Z,INFO,api-2,request handled,218
3375,2026-09-08T10:15:15Z,INFO,api-3,request handled,225
3376,2026-09-01T10:16:28Z,INFO,api-4,request handled,232
3377,2026-09-02T10:17:41Z,INFO,api-5,request handled,239
3378,2026-09-03T10:18:54Z,INFO,api-6,request handled,246
3379,2026-09-04T10:19:07Z,INFO,api-7,request handled,253
3380,2026-09-05T10:20:20Z,INFO,api-8,request handled,260
3381,2026-09-06T10:21:33Z,INFO,api-9,request handled,267
3382,2026-09-07T10:22:46Z,INFO,api-10,request handled,274
3383,2026-09-08T10:23:59Z,INFO,api-11,request handled,281
3384,2026-09-01T10:24:12Z,INFO,api-0,request handled,288
3385,2026-09-02T10:25:25Z,INFO,api-1,request handled,295
3386,2026-09-03T10:26:38Z,INFO,api-2,request handled,302
3387,2026-09-04T10:27:51Z,INFO,api-3,request handled,309
3388,2026-09-05T10:28:04Z,INFO,api-4,request handled,316
3389,2026-09-06T10:29:17Z,INFO,api-5,request handled,323
3390,2026-09-07T10:30:30Z,INFO,api-6,request handled,330
3391,2026-09-08T10:31:43Z,INFO,api-7,request handled,337
3392,2026-09-01T10:32:56Z,INFO,api-8,request handled,344
3393,2026-09-02T10:33:09Z,INFO,api-9,request handled,351
3394,2026-09-03T10:34:22Z,INFO,api-10,request handled,358
3395,2026-09-04T10:35:35Z,WARN,api-11,request handled,365
3396,2026-09-05T10:36:48Z,INFO,api-0,request handled,372
3397,2026-09-06T10:37:01Z,INFO,api-1,request handled,379
3398,2026-09-07T10:38:14Z,INFO,api-2,request handled,386
3399,2026-09-08T10:39:27Z,INFO,api-3,request handled,393
3400,2026-09-01T10:40:40Z,INFO,api-4,request handled,400
3401,2026-09-02T10:41:53Z,INFO,api-5,request handled,407
3402,2026-09-03T10:42:06Z,INFO,api-6,request handled,414
3403,2026-09-04T10:43:19Z,INFO,api-7,request handled,421
3404,2026-09-05T10:44:32Z,INFO,api-8,request handled,428
3405,2026-09-06T10:45:45Z,INFO,api-9,request handled,435
3406,2026-09-07T10:46:58Z,INFO,api-10,request handled,442
3407,2026-09-08T10:47:11Z,INFO,api-11,request handled,449
3408,2026-09-01T10:48:24Z,INFO,api-0,request handled,456
3409,2026-09-02T10:49:37Z,INFO,api-1,request handled,463
3410,2026-09-03T10:50:50Z,INFO,api-2,request handled,470
3411,2026-09-04T10:51:03Z,INFO,api-3,request handled,477
3412,2026-09-05T10:52:16Z,INFO,api-4,request handled,484
3413,2026-09-06T10:53:29Z,INFO,api-5,request handled,491
3414,2026-09-07T10:54:42Z,INFO,api-6,request handled,498
3415,2026-09-08T10:55:55Z,INFO,api-7,request handled,505
3416,2026-09-01T10:56:08Z,INFO,api-8,request handled,512
3417,2026-09-02T10:57:21Z,INFO,api-9,request handled,519
3418,2026-09-03T10:58:34Z,INFO,api-10,request handled,526
3419,2026-09-04T10:59:47Z,INFO,api-11,request handled,533
3420,2026-09-05T10:00:00Z,INFO,api-0,request handled,540
3421,2026-09-06T10:01:13Z,INFO,api-1,request handled,547
3422,2026-09-07T10:02:26Z,INFO,api-2,request handled,554
3423,2026-09-08T10:03:39Z,INFO,api-3,request handled,561
3424,2026-09-01T10:04:52Z,INFO,api-4,request handled,568
3425,2026-09-02T10:05:05Z,INFO,api-5,request handled,575
3426,2026-09-03T10:06:18Z,INFO,api-6,request handled,582
3427,2026-09-04T10:07:31Z,INFO,api-7,request handled,589
3428,2026-09-05T10:08:44Z,INFO,api-8,request handled,596
3429,2026-09-06T10:09:57Z,INFO,api-9,request handled,603
3430,2026-09-07T10:10:10Z,INFO,api-10,request handled,610
3431,2026-09-08T10:11:23Z,INFO,api-11,request handled,617
3432,2026-09-01T10:12:36Z,INFO,api-0,request handled,624
3433,2026-09-02T10:13:49Z,INFO,api-1,request handled,631
3434,2026-09-03T10:14:02Z,INFO,api-2,request handled,638
3435,2026-09-04T10:15:15Z,INFO,api-3,request handled,645
3436,2026-09-05T10:16:28Z,INFO,api-4,request handled,652
3437,2026-09-06T10:17:41Z,INFO,api-5,request handled,659
3438,2026-09-07T10:18:54Z,INFO,api-6,request handled,666
3439,2026-09-08T10:19:07Z,INFO,api-7,request handled,673
3440,2026-09-01T10:20:20Z,INFO,api-8,request handled,680
3441,2026-09-02T10:21:33Z,INFO,api-9,request handled,687
3442,2026-09-03T10:22:46Z,INFO,api-10,request handled,694
3443,2026-09-04T10:23:59Z,INFO,api-11,request handled,701
3444,2026-09-05T10:24:12Z,INFO,api-0,request handled,708
3445,2026-09-06T10:25:25Z,INFO,api-1,request handled,715
3446,2026-09-07T10:26:38Z,INFO,api-2,request handled,722
3447,2026-09-08T10:27:51Z,INFO,api-3,request handled,729
3448,2026-09-01T10:28:04Z,INFO,api-4,request handled,736
3449,2026-09-02T10:29:17Z,INFO,api-5,request handled,743
3450,2026-09-03T10:30:30Z,INFO,api-6,request handled,750
3451,2026-09-04T10:31:43Z,INFO,api-7,request handled,757
3452,2026-09-05T10:32:56Z,INFO,api-8,request handled,764
3453,2026-09-06T10:33:09Z,INFO,api-9,request handled,771
3454,2026-09-07T10:34:22Z,INFO,api-10,request handled,778
3455,2026-09-08T10:35:35Z,INFO,api-11,request handled,785
3456,2026-09-01T10:36:48Z,INFO,api-0,request handled,792
3457,2026-09-02T10:37:01Z,INFO,api-1,request handled,799
3458,2026-09-03T10:38:14Z,INFO,api-2,request handled,806
3459,2026-09-04T10:39:27Z,INFO,api-3,request handled,813
3460,2026-09-05T10:40:40Z,INFO,api-4,request handled,820
3461,2026-09-06T10:41:53Z,INFO,api-5,request handled,827
3462,2026-09-07T10:42:06Z,INFO,api-6,request handled,834
3463,2026-09-08T10:43:19Z,INFO,api-7,request handled,841
3464,2026-09-01T10:44:32Z,INFO,api-8,request handled,848
3465,2026-09-02T10:45:45Z,INFO,api-9,request handled,855
3466,2026-09-03T10:46:58Z,INFO,api-10,request handled,862
3467,2026-09-04T10:47:11Z,INFO,api-11,request handled,869
3468,2026-09-05T10:48:24Z,INFO,api-0,request handled,876
3469,2026-09-06T10:49:37Z,INFO,api-1,request handled,883
3470,2026-09-07T10:50:50Z,INFO,api-2,request handled,890
3471,2026-09-08T10:51:03Z,INFO,api-3,request handled,897
3472,2026-09-01T10:52:16Z,INFO,api-4,request handled,4
3473,2026-09-02T10:53:29Z,INFO,api-5,request handled,11
3474,2026-09-03T10:54:42Z,INFO,api-6,request handled,18
3475,2026-09-04T10:55:55Z,INFO,api-7,request handled,25
3476,2026-09-05T10:56:08Z,INFO,api-8,request handled,32
3477,2026-09-06T10:57:21Z,INFO,api-9,request handled,39
3478,2026-09-07T10:58:34Z,INFO,api-10,request handled,46
3479,2026-09-08T10:59:47Z,INFO,api-11,request handled,53
3480,2026-09-01T10:00:00Z,INFO,api-0,request handled,60
3481,2026-09-02T10:01:13Z,INFO,api-1,request handled,67
3482,2026-09-03T10:02:26Z,INFO,api-2,request handled,74
3483,2026-09-04T10:03:39Z,INFO,api-3,request handled,81
3484,2026-09-05T10:04:52Z,INFO,api-4,request handled,88
3485,2026-09-06T10:05:05Z,INFO,api-5,request handled,95
3486,2026-09-07T10:06:18Z,INFO,api-6,request handled,102
3487,2026-09-08T10:07:31Z,INFO,api-7,request handled,109
3488,2026-09-01T10:08:44Z,INFO,api-8,request handled,116
3489,2026-09-02T10:09:57Z,INFO,api-9,request handled,123
3490,2026-09-03T10:10:10Z,INFO,api-10,request handled,130
3491,2026-09-04T10:11:23Z,INFO,api-11,request handled,137
3492,2026-09-05T10:12:36Z,WARN,api-0,request handled,144
3493,2026-09-06T10:13:49Z,INFO,api-1,request handled,151
3494,2026-09-07T10:14:02Z,INFO,api-2,request handled,158
3495,2026-09-08T10:15:15Z,INFO,api-3,request handled,165
3496,2026-09-01T10:16:28Z,INFO,api-4,request handled,172
3497,2026-09-02T10:17:41Z,INFO,api-5,request handled,179
3498,2026-09-03T10:18:54Z,INFO,api-6,request handled,186
3499,2026-09-04T10:19:07Z,INFO,api-7,request handled,193
3500,2026-09-05T10:20:20Z,ERROR,api-8,request handled,200
3501,2026-09-06T10:21:33Z,INFO,api-9,request handled,207
3502,2026-09-07T10:22:46Z,INFO,api-10,request handled,214
3503,2026-09-08T10:23:59Z,INFO,api-11,request handled,221
3504,2026-09-01T10:24:12Z,INFO,api-0,request handled,228
3505,2026-09-02T10:25:25Z,INFO,api-1,request handled,235
3506,2026-09-03T10:26:38Z,INFO,api-2,request handled,242
3507,2026-09-04T10:27:51Z,INFO,api-3,request handled,249
3508,2026-09-05T10:28:04Z,INFO,api-4,request handled,256
3509,2026-09-06T10:29:17Z,INFO,api-5,request handled,263
3510,2026-09-07T10:30:30Z,INFO,api-6,request handled,270
3511,2026-09-08T10:31:43Z,INFO,api-7,request handled,277
3512,2026-09-01T10:32:56Z,INFO,api-8,request handled,284
3513,2026-09-02T10:33:09Z,INFO,api-9,request handled,291
3514,2026-09-03T10:34:22Z,INFO,api-10,request handled,298
3515,2026-09-04T10:35:35Z,INFO,api-11,request handled,305
3516,2026-09-05T10:36:48Z,INFO,api-0,request handled,312
3517,2026-09-06T10:37:01Z,INFO,api-1,request handled,319
3518,2026-09-07T10:38:14Z,INFO,api-2,request handled,326
3519,2026-09-08T10:39:27Z,INFO,api-3,request handled,333
3520,2026-09-01T10:40:40Z,INFO,api-4,request handled,340
3521,2026-09-02T10:41:53Z,INFO,api-5,request handled,347
3522,2026-09-03T10:42:06Z,INFO,api-6,request handled,354
3523,2026-09-04T10:43:19Z,INFO,api-7,request handled,361
3524,2026-09-05T10:44:32Z,INFO,api-8,request handled,368
3525,2026-09-06T10:45:45Z,INFO,api-9,request handled,375
3526,2026-09-07T10:46:58Z,INFO,api-10,request handled,382
3527,2026-09-08T10:47:11Z,INFO,api-11,request handled,389
3528,2026-09-01T10:48:24Z,INFO,api-0,request handled,396
3529,2026-09-02T10:49:37Z,INFO,api-1,request handled,403
3530,2026-09-03T10:50:50Z,INFO,api-2,request handled,410
3531,2026-09-04T10:51:03Z,INFO,api-3,request handled,417
3532,2026-09-05T10:52:16Z,INFO,api-4,request handled,424
3533,2026-09-06T10:53:29Z,INFO,api-5,request handled,431
3534,2026-09-07T10:54:42Z,INFO,api-6,request handled,438
3535,2026-09-08T10:55:55Z,INFO,api-7,request handled,445
3536,2026-09-01T10:56:08Z,INFO,api-8,request handled,452
3537,2026-09-02T10:57:21Z,INFO,api-9,request handled,459
3538,2026-09-03T10:58:34Z,INFO,api-10,request handled,466
3539,2026-09-04T10:59:47Z,INFO,api-11,request handled,473
3540,2026-09-05T10:00:00Z,INFO,api-0,request handled,480
3541,2026-09-06T10:01:13Z,INFO,api-1,request handled,487
3542,2026-09-07T10:02:26Z,INFO,api-2,request handled,494
3543,2026-09-08T10:03:39Z,INFO,api-3,request handled,501
3544,2026-09-01T10:04:52Z,INFO,api-4,request handled,508
3545,2026-09-02T10:05:05Z,INFO,api-5,request handled,515
3546,2026-09-03T10:06:18Z,INFO,api-6,request handled,522
3547,2026-09-04T10:07:31Z,INFO,api-7,request handled,529
3548,2026-09-05T10:08:44Z,INFO,api-8,request handled,536
3549,2026-09-06T10:09:57Z,INFO,api-9,request handled,543
3550,2026-09-07T10:10:10Z,INFO,api-10,request handled,550
3551,2026-09-08T10:11:23Z,INFO,api-11,request handled,557
3552,2026-09-01T10:12:36Z,INFO,api-0,request handled,564
3553,2026-09-02T10:13:49Z,INFO,api-1,request handled,571
3554,2026-09-03T10:14:02Z,INFO,api-2,request handled,578
3555,2026-09-04T10:15:15Z,INFO,api-3,request handled,585
3556,2026-09-05T10:16:28Z,INFO,api-4,request handled,592
3557,2026-09-06T10:17:41Z,INFO,api-5,request handled,599
3558,2026-09-07T10:18:54Z,INFO,api-6,request handled,606
3559,2026-09-08T10:19:07Z,INFO,api-7,request handled,613
3560,2026-09-01T10:20:20Z,INFO,api-8,request handled,620
3561,2026-09-02T10:21:33Z,INFO,api-9,request handled,627
3562,2026-09-03T10:22:46Z,INFO,api-10,request handled,634
3563,2026-09-04T10:23:59Z,INFO,api-11,request handled,641
3564,2026-09-05T10:24:12Z,INFO,api-0,request handled,648
3565,2026-09-06T10:25:25Z,INFO,api-1,request handled,655
3566,2026-09-07T10:26:38Z,INFO,api-2,request handled,662
3567,2026-09-08T10:27:51Z,INFO,api-3,request handled,669
3568,2026-09-01T10:28:04Z,INFO,api-4,request handled,676
3569,2026-09-02T10:29:17Z,INFO,api-5,request handled,683
3570,2026-09-03T10:30:30Z,INFO,api-6,request handled,690
3571,2026-09-04T10:31:43Z,INFO,api-7,request handled,697
3572,2026-09-05T10:32:56Z,INFO,api-8,request handled,704
3573,2026-09-06T10:33:09Z,INFO,api-9,request handled,711
3574,2026-09-07T10:34:22Z,INFO,api-10,request handled,718
3575,2026-09-08T10:35:35Z,INFO,api-11,request handled,725
3576,2026-09-01T10:36:48Z,INFO,api-0,request handled,732
3577,2026-09-02T10:37:01Z,INFO,api-1,request handled,739
3578,2026-09-03T10:38:14Z,INFO,api-2,request handled,746
3579,2026-09-04T10:39:27Z,INFO,api-3,request handled,753
3580,2026-09-05T10:40:40Z,INFO,api-4,request handled,760
3581,2026-09-06T10:41:53Z,INFO,api-5,request handled,767
3582,2026-09-07T10:42:06Z,INFO,api-6,request handled,774
3583,2026-09-08T10:43:19Z,INFO,api-7,request handled,781
3584,2026-09-01T10:44:32Z,INFO,api-8,request handled,788
3585,2026-09-02T10:45:45Z,INFO,api-9,request handled,795
3586,2026-09-03T10:46:58Z,INFO,api-10,request handled,802
3587,2026-09-04T10:47:11Z,INFO,api-11,request handled,809
3588,2026-09-05T10:48:24Z,INFO,api-0,request handled,816
3589,2026-09-06T10:49:37Z,WARN,api-1,request handled,823
3590,2026-09-07T10:50:50Z,INFO,api-2,request handled,830
3591,2026-09-08T10:51:03Z,INFO,api-3,request handled,837
3592,2026-09-01T10:52:16Z,INFO,api-4,request handled,844
3593,2026-09-02T10:53:29Z,INFO,api-5,request handled,851
3594,2026-09-03T10:54:42Z,INFO,api-6,request handled,858
3595,2026-09-04T10:55:55Z,INFO,api-7,request handled,865
3596,2026-09-05T10:56:08Z,INFO,api-8,request handled,872
3597,2026-09-06T10:57:21Z,INFO,api-9,request handled,879
3598,2026-09-07T10:58:34Z,INFO,api-10,request handled,886
3599,2026-09-08T10:59:47Z,INFO,api-11,request handled,893
3600,2026-09-01T10:00:00Z,INFO,api-0,request handled,0
3601,2026-09-02T10:01:13Z,INFO,api-1,request handled,7
3602,2026-09-03T10:02:26Z,INFO,api-2,request handled,14
3603,2026-09-04T10:03:39Z,INFO,api-3,request handled,21
3604,2026-09-05T10:04:52Z,INFO,api-4,request handled,28
3605,2026-09-06T10:05:05Z,INFO,api-5,request handled,35
3606,2026-09-07T10:06:18Z,INFO,api-6,request handled,42
3607,2026-09-08T10:07:31Z,INFO,api-7,request handled,49
3608,2026-09-01T10:08:44Z,INFO,api-8,request handled,56
3609,2026-09-02T10:09:57Z,INFO,api-9,request handled,63
3610,2026-09-03T10:10:10Z,INFO,api-10,request handled,70
3611,2026-09-04T10:11:23Z,INFO,api-11,request handled,77
3612,2026-09-05T10:12:36Z,INFO,api-0,request handled,84
3613,2026-09-06T10:13:49Z,INFO,api-1,request handled,91
3614,2026-09-07T10:14:02Z,INFO,api-2,request handled,98
3615,2026-09-08T10:15:15Z,INFO,api-3,request handled,105
3616,2026-09-01T10:16:28Z,INFO,api-4,request handled,112
3617,2026-09-02T10:17:41Z,INFO,api-5,request handled,119
3618,2026-09-03T10:18:54Z,INFO,api-6,request handled,126
3619,2026-09-04T10:19:07Z,INFO,api-7,request handled,133
3620,2026-09-05T10:20:20Z,INFO,api-8,request handled,140
3621,2026-09-06T10:21:33Z,INFO,api-9,request handled,147
3622,2026-09-07T10:22:46Z,INFO,api-10,request handled,154
3623,2026-09-08T10:23:59Z,INFO,api-11,request handled,161
3624,2026-09-01T10:24:12Z,INFO,api-0,request handled,168
3625,2026-09-02T10:25:25Z,INFO,api-1,request handled,175
3626,2026-09-03T10:26:38Z,INFO,api-2,request handled,182
3627,2026-09-04T10:27:51Z,INFO,api-3,request handled,189
3628,2026-09-05T10:28:04Z,INFO,api-4,request handled,196
3629,2026-09-06T10:29:17Z,INFO,api-5,request handled,203
3630,2026-09-07T10:30:30Z,INFO,api-6,request handled,210
3631,2026-09-08T10:31:43Z,INFO,api-7,request handled,217
3632,2026-09-01T10:32:56Z,INFO,api-8,request handled,224
3633,2026-09-02T10:33:09Z,INFO,api-9,request handled,231
3634,2026-09-03T10:34:22Z,INFO,api-10,request handled,238
3635,2026-09-04T10:35:35Z,INFO,api-11,request handled,245
3636,2026-09-05T10:36:48Z,INFO,api-0,request handled,252
3637,2026-09-06T10:37:01Z,INFO,api-1,request handled,259
3638,2026-09-07T10:38:14Z,INFO,api-2,request handled,266
3639,2026-09-08T10:39:27Z,INFO,api-3,request handled,273
3640,2026-09-01T10:40:40Z,INFO,api-4,request handled,280
3641,2026-09-02T10:41:53Z,INFO,api-5,request handled,287
3642,2026-09-03T10:42:06Z,INFO,api-6,request handled,294
3643,2026-09-04T10:43:19Z,INFO,api-7,request handled,301
3644,2026-09-05T10:44:32Z,INFO,api-8,request handled,308
3645,2026-09-06T10:45:45Z,INFO,api-9,request handled,315
3646,2026-09-07T10:46:58Z,INFO,api-10,request handled,322
3647,2026-09-08T10:47:11Z,INFO,api-11,request handled,329
3648,2026-09-01T10:48:24Z,INFO,api-0,request handled,336
3649,2026-09-02T10:49:37Z,INFO,api-1,request handled,343
3650,2026-09-03T10:50:50Z,INFO,api-2,request handled,350
3651,2026-09-04T10:51:03Z,INFO,api-3,request handled,357
3652,2026-09-05T10:52:16Z,INFO,api-4,request handled,364
3653,2026-09-06T10:53:29Z,INFO,api-5,request handled,371
3654,2026-09-07T10:54:42Z,INFO,api-6,request handled,378
3655,2026-09-08T10:55:55Z,INFO,api-7,request handled,385
3656,2026-09-01T10:56:08Z,INFO,api-8,request handled,392
3657,2026-09-02T10:57:21Z,INFO,api-9,request handled,399
3658,2026-09-03T10:58:34Z,INFO,api-10,request handled,406
3659,2026-09-04T10:59:47Z,INFO,api-11,request handled,413
3660,2026-09-05T10:00:00Z,INFO,api-0,request handled,420
3661,2026-09-06T10:01:13Z,INFO,api-1,request handled,427
3662,2026-09-07T10:02:26Z,INFO,api-2,request handled,434
3663,2026-09-08T10:03:39Z,INFO,api-3,request handled,441
3664,2026-09-01T10:04:52Z,INFO,api-4,request handled,448
3665,2026-09-02T10:05:05Z,INFO,api-5,request handled,455
3666,2026-09-03T10:06:18Z,INFO,api-6,request handled,462
3667,2026-09-04T10:07:31Z,INFO,api-7,request handled,469
3668,2026-09-05T10:08:44Z,INFO,api-8,request handled,476
3669,2026-09-06T10:09:57Z,INFO,api-9,request handled,483
3670,2026-09-07T10:10:10Z,INFO,api-10,request handled,490
3671,2026-09-08T10:11:23Z,INFO,api-11,request handled,497
3672,2026-09-01T10:12:36Z,INFO,api-0,request handled,504
3673,2026-09-02T10:13:49Z,INFO,api-1,request handled,511
3674,2026-09-03T10:14:02Z,INFO,api-2,request handled,518
3675,2026-09-04T10:15:15Z,INFO,api-3,request handled,525
3676,2026-09-05T10:16:28Z,INFO,api-4,request handled,532
3677,2026-09-06T10:17:41Z,INFO,api-5,request handled,539
3678,2026-09-07T10:18:54Z,INFO,api-6,request handled,546
3679,2026-09-08T10:19:07Z,INFO,api-7,request handled,553
3680,2026-09-01T10:20:20Z,INFO,api-8,request handled,560
3681,2026-09-02T10:21:33Z,INFO,api-9,request handled,567
3682,2026-09-03T10:22:46Z,INFO,api-10,request handled,574
3683,2026-09-04T10:23:59Z,INFO,api-11,request handled,581
3684,2026-09-05T10:24:12Z,INFO,api-0,request handled,588
3685,2026-09-06T10:25:25Z,INFO,api-1,request handled,595
3686,2026-09-07T10:26:38Z,WARN,api-2,request handled,602
3687,2026-09-08T10:27:51Z,INFO,api-3,request handled,609
3688,2026-09-01T10:28:04Z,INFO,api-4,request handled,616
3689,2026-09-02T10:29:17Z,INFO,api-5,request handled,623
3690,2026-09-03T10:30:30Z,INFO,api-6,request handled,630
3691,2026-09-04T10:31:43Z,INFO,api-7,request handled,637
3692,2026-09-05T10:32:56Z,INFO,api-8,request handled,644
3693,2026-09-06T10:33:09Z,INFO,api-9,request handled,651
3694,2026-09-07T10:34:22Z,INFO,api-10,request handled,658
3695,2026-09-08T10:35:35Z,INFO,api-11,request handled,665
3696,2026-09-01T10:36:48Z,INFO,api-0,request handled,672
3697,2026-09-02T10:37:01Z,INFO,api-1,request handled,679
3698,2026-09-03T10:38:14Z,INFO,api-2,request handled,686
3699,2026-09-04T10:39:27Z,INFO,api-3,request handled,693
3700,2026-09-05T10:40:40Z,INFO,api-4,request handled,700
3701,2026-09-06T10:41:53Z,INFO,api-5,request handled,707
3702,2026-09-07T10:42:06Z,INFO,api-6,request handled,714
3703,2026-09-08T10:43:19Z,INFO,api-7,request handled,721
3704,2026-09-01T10:44:32Z,INFO,api-8,request handled,728
3705,2026-09-02T10:45:45Z,INFO,api-9,request handled,735
3706,2026-09-03T10:46:58Z,INFO,api-10,request handled,742
3707,2026-09-04T10:47:11Z,INFO,api-11,request handled,749
3708,2026-09-05T10:48:24Z,INFO,api-0,request handled,756
3709,2026-09-06T10:49:37Z,INFO,api-1,request handled,763
3710,2026-09-07T10:50:50Z,INFO,api-2,request handled,770
3711,2026-09-08T10:51:03Z,INFO,api-3,request handled,777
3712,2026-09-01T10:52:16Z,INFO,api-4,request handled,784
3713,2026-09-02T10:53:29Z,INFO,api-5,request handled,791
3714,2026-09-03T10:54:42Z,INFO,api-6,request handled,798
3715,2026-09-04T10:55:55Z,INFO,api-7,request handled,805
3716,2026-09-05T10:56:08Z,INFO,api-8,request handled,812
3717,2026-09-06T10:57:21Z,INFO,api-9,request handled,819
3718,2026-09-07T10:58:34Z,INFO,api-10,request handled,826
3719,2026-09-08T10:59:47Z,INFO,api-11,request handled,833
3720,2026-09-01T10:00:00Z,INFO,api-0,request handled,840
3721,2026-09-02T10:01:13Z,INFO,api-1,request handled,847
3722,2026-09-03T10:02:26Z,INFO,api-2,request handled,854
3723,2026-09-04T10:03:39Z,INFO,api-3,request handled,861
3724,2026-09-05T10:04:52Z,INFO,api-4,request handled,868
3725,2026-09-06T10:05:05Z,INFO,api-5,request handled,875
3726,2026-09-07T10:06:18Z,INFO,api-6,request handled,882
3727,2026-09-08T10:07:31Z,INFO,api-7,request handled,889
3728,2026-09-01T10:08:44Z,INFO,api-8,request handled,896
3729,2026-09-02T10:09:57Z,INFO,api-9,request handled,3
3730,2026-09-03T10:10:10Z,INFO,api-10,request handled,10
3731,2026-09-04T10:11:23Z,INFO,api-11,request handled,17
3732,2026-09-05T10:12:36Z,INFO,api-0,request handled,24
3733,2026-09-06T10:13:49Z,INFO,api-1,request handled,31
3734,2026-09-07T10:14:02Z,INFO,api-2,request handled,38
3735,2026-09-08T10:15:15Z,INFO,api-3,request handled,45
3736,2026-09-01T10:16:28Z,INFO,api-4,request handled,52
3737,2026-09-02T10:17:41Z,INFO,api-5,request handled,59
3738,2026-09-03T10:18:54Z,INFO,api-6,request handled,66
3739,2026-09-04T10:19:07Z,INFO,api-7,request handled,73
3740,2026-09-05T10:20:20Z,INFO,api-8,request handled,80
3741,2026-09-06T10:21:33Z,INFO,api-9,request handled,87
3742,2026-09-07T10:22:46Z,INFO,api-10,request handled,94
3743,2026-09-08T10:23:59Z,INFO,api-11,request handled,101
3744,2026-09-01T10:24:12Z,INFO,api-0,request handled,108
3745,2026-09-02T10:25:25Z,INFO,api-1,request handled,115
3746,2026-09-03T10:26:38Z,INFO,api-2,request handled,122
3747,2026-09-04T10:27:51Z,INFO,api-3,request handled,129
3748,2026-09-05T10:28:04Z,INFO,api-4,request handled,136
3749,2026-09-06T10:29:17Z,INFO,api-5,request handled,143
3750,2026-09-07T10:30:30Z,INFO,api-6,request handled,150
3751,2026-09-08T10:31:43Z,INFO,api-7,request handled,157
3752,2026-09-01T10:32:56Z,INFO,api-8,request handled,164
3753,2026-09-02T10:33:09Z,INFO,api-9,request handled,171
3754,2026-09-03T10:34:22Z,INFO,api-10,request handled,178
3755,2026-09-04T10:35:35Z,INFO,api-11,request handled,185
3756,2026-09-05T10:36:48Z,INFO,api-0,request handled,192
3757,2026-09-06T10:37:01Z,INFO,api-1,request handled,199
3758,2026-09-07T10:38:14Z,INFO,api-2,request handled,206
3759,2026-09-08T10:39:27Z,INFO,api-3,request handled,213
3760,2026-09-01T10:40:40Z,INFO,api-4,request handled,220
3761,2026-09-02T10:41:53Z,INFO,api-5,request handled,227
3762,2026-09-03T10:42:06Z,INFO,api-6,request handled,234
3763,2026-09-04T10:43:19Z,INFO,api-7,request handled,241
3764,2026-09-05T10:44:32Z,INFO,api-8,request handled,248
3765,2026-09-06T10:45:45Z,INFO,api-9,request handled,255
3766,2026-09-07T10:46:58Z,INFO,api-10,request handled,262
3767,2026-09-08T10:47:11Z,INFO,api-11,request handled,269
3768,2026-09-01T10:48:24Z,INFO,api-0,request handled,276
3769,2026-09-02T10:49:37Z,INFO,api-1,request handled,283
3770,2026-09-03T10:50:50Z,INFO,api-2,request handled,290
3771,2026-09-04T10:51:03Z,INFO,api-3,request handled,297
3772,2026-09-05T10:52:16Z,INFO,api-4,request handled,304
3773,2026-09-06T10:53:29Z,INFO,api-5,request handled,311
3774,2026-09-07T10:54:42Z,INFO,api-6,request handled,318
3775,2026-09-08T10:55:55Z,INFO,api-7,request handled,325
3776,2026-09-01T10:56:08Z,INFO,api-8,request handled,332
3777,2026-09-02T10:57:21Z,INFO,api-9,request handled,339
3778,2026-09-03T10:58:34Z,INFO,api-10,request handled,346
3779,2026-09-04T10:59:47Z,INFO,api-11,request handled,353
3780,2026-09-05T10:00:00Z,INFO,api-0,request handled,360
3781,2026-09-06T10:01:13Z,INFO,api-1,request handled,367
3782,2026-09-07T10:02:26Z,INFO,api-2,request handled,374
3783,2026-09-08T10:03:39Z,WARN,api-3,request handled,381
3784,2026-09-01T10:04:52Z,INFO,api-4,request handled,388
3785,2026-09-02T10:05:05Z,INFO,api-5,request handled,395
3786,2026-09-03T10:06:18Z,INFO,api-6,request handled,402
3787,2026-09-04T10:07:31Z,INFO,api-7,request handled,409
3788,2026-09-05T10:08:44Z,INFO,api-8,request handled,416
3789,2026-09-06T10:09:57Z,INFO,api-9,request handled,423
3790,2026-09-07T10:10:10Z,INFO,api-10,request handled,430
3791,2026-09-08T10:11:23Z,INFO,api-11,request handled,437
3792,2026-09-01T10:12:36Z,INFO,api-0,request handled,444
3793,2026-09-02T10:13:49Z,INFO,api-1,request handled,451
3794,2026-09-03T10:14:02Z,INFO,api-2,request handled,458
3795,2026-09-04T10:15:15Z,INFO,api-3,request handled,465
3796,2026-09-05T10:16:28Z,INFO,api-4,request handled,472
3797,2026-09-06T10:17:41Z,INFO,api-5,request handled,479
3798,2026-09-07T10:18:54Z,INFO,api-6,request handled,486
3799,2026-09-08T10:19:07Z,INFO,api-7,request handled,493
3800,2026-09-01T10:20:20Z,INFO,api-8,request handled,500
3801,2026-09-02T10:21:33Z,INFO,api-9,request handled,507
3802,2026-09-03T10:22:46Z,INFO,api-10,request handled,514
3803,2026-09-04T10:23:59Z,INFO,api-11,request handled,521
3804,2026-09-05T10:24:12Z,INFO,api-0,request handled,528
3805,2026-09-06T10:25:25Z,INFO,api-1,request handled,535
3806,2026-09-07T10:26:38Z,INFO,api-2,request handled,542
3807,2026-09-08T10:27:51Z,INFO,api-3,request handled,549
3808,2026-09-01T10:28:04Z,INFO,api-4,request handled,556
3809,2026-09-02T10:29:17Z,INFO,api-5,request handled,563
3810,2026-09-03T10:30:30Z,INFO,api-6,request handled,570
3811,2026-09-04T10:31:43Z,INFO,api-7,request handled,577
3812,2026-09-05T10:32:56Z,INFO,api-8,request handled,584
3813,2026-09-06T10:33:09Z,INFO,api-9,request handled,591
3814,2026-09-07T10:34:22Z,INFO,api-10,request handled,598
3815,2026-09-08T10:35:35Z,INFO,api-11,request handled,605
3816,2026-09-01T10:36:48Z,INFO,api-0,request handled,612
3817,2026-09-02T10:37:01Z,INFO,api-1,request handled,619
3818,2026-09-03T10:38:14Z,INFO,api-2,request handled,626
3819,2026-09-04T10:39:27Z,INFO,api-3,request handled,633
3820,2026-09-05T10:40:40Z,INFO,api-4,request handled,640
3821,2026-09-06T10:41:53Z,INFO,api-5,request handled,647
3822,2026-09-07T10:42:06Z,INFO,api-6,request handled,654
3823,2026-09-08T10:43:19Z,INFO,api-7,request handled,661
3824,2026-09-01T10:44:32Z,INFO,api-8,request handled,668
3825,2026-09-02T10:45:45Z,INFO,api-9,request handled,675
3826,2026-09-03T10:46:58Z,INFO,api-10,request handled,682
3827,2026-09-04T10:47:11Z,INFO,api-11,request handled,689
3828,2026-09-05T10:48:24Z,INFO,api-0,request handled,696
3829,2026-09-06T10:49:37Z,INFO,api-1,request handled,703
3830,2026-09-07T10:50:50Z,INFO,api-2,request handled,710
3831,2026-09-08T10:51:03Z,INFO,api-3,request handled,717
3832,2026-09-01T10:52:16Z,INFO,api-4,request handled,724
3833,2026-09-02T10:53:29Z,INFO,api-5,request handled,731
3834,2026-09-03T10:54:42Z,INFO,api-6,request handled,738
3835,2026-09-04T10:55:55Z,INFO,api-7,request handled,745
3836,2026-09-05T10:56:08Z,INFO,api-8,request handled,752
3837,2026-09-06T10:57:21Z,INFO,api-9,request handled,759
3838,2026-09-07T10:58:34Z,INFO,api-10,request handled,766
3839,2026-09-08T10:59:47Z,INFO,api-11,request handled,773
3840,2026-09-01T10:00:00Z,INFO,api-0,request handled,780
3841,2026-09-02T10:01:13Z,INFO,api-1,request handled,787
3842,2026-09-03T10:02:26Z,INFO,api-2,request handled,794
3843,2026-09-04T10:03:39Z,INFO,api-3,request handled,801
3844,2026-09-05T10:04:52Z,INFO,api-4,request handled,808
3845,2026-09-06T10:05:05Z,INFO,api-5,request handled,815
3846,2026-09-07T10:06:18Z,INFO,api-6,request handled,822
3847,2026-09-08T10:07:31Z,INFO,api-7,request handled,829
3848,2026-09-01T10:08:44Z,INFO,api-8,request handled,836
3849,2026-09-02T10:09:57Z,INFO,api-9,request handled,843
3850,2026-09-03T10:10:10Z,INFO,api-10,request handled,850
3851,2026-09-04T10:11:23Z,INFO,api-11,request handled,857
3852,2026-09-05T10:12:36Z,INFO,api-0,request handled,864
3853,2026-09-06T10:13:49Z,INFO,api-1,request handled,871
3854,2026-09-07T10:14:02Z,INFO,api-2,request handled,878
3855,2026-09-08T10:15:15Z,INFO,api-3,request handled,885
3856,2026-09-01T10:16:28Z,INFO,api-4,request handled,892
3857,2026-09-02T10:17:41Z,INFO,api-5,request handled,899
3858,2026-09-03T10:18:54Z,INFO,api-6,request handled,6
3859,2026-09-04T10:19:07Z,INFO,api-7,request handled,13
3860,2026-09-05T10:20:20Z,INFO,api-8,request handled,20
3861,2026-09-06T10:21:33Z,INFO,api-9,request handled,27
3862,2026-09-07T10:22:46Z,INFO,api-10,request handled,34
3863,2026-09-08T10:23:59Z,INFO,api-11,request handled,41
3864,2026-09-01T10:24:12Z,INFO,api-0,request handled,48
3865,2026-09-02T10:25:25Z,INFO,api-1,request handled,55
3866,2026-09-03T10:26:38Z,INFO,api-2,request handled,62
3867,2026-09-04T10:27:51Z,INFO,api-3,request handled,69
3868,2026-09-05T10:28:04Z,INFO,api-4,request handled,76
3869,2026-09-06T10:29:17Z,INFO,api-5,request handled,83
3870,2026-09-07T10:30:30Z,INFO,api-6,request handled,90
3871,2026-09-08T10:31:43Z,INFO,api-7,request handled,97
3872,2026-09-01T10:32:56Z,INFO,api-8,request handled,104
3873,2026-09-02T10:33:09Z,INFO,api-9,request handled,111
3874,2026-09-03T10:34:22Z,INFO,api-10,request handled,118
3875,2026-09-04T10:35:35Z,INFO,api-11,request handled,125
3876,2026-09-05T10:36:48Z,INFO,api-0,request handled,132
3877,2026-09-06T10:37:01Z,INFO,api-1,request handled,139
3878,2026-09-07T10:38:14Z,INFO,api-2,request handled,146
3879,2026-09-08T10:39:27Z,INFO,api-3,request handled,153
3880,2026-09-01T10:40:40Z,WARN,api-4,request handled,160
3881,2026-09-02T10:41:53Z,INFO,api-5,request handled,167
3882,2026-09-03T10:42:06Z,INFO,api-6,request handled,174
3883,2026-09-04T10:43:19Z,INFO,api-7,request handled,181
3884,2026-09-05T10:44:32Z,INFO,api-8,request handled,188
3885,2026-09-06T10:45:45Z,INFO,api-9,request handled,195
3886,2026-09-07T10:46:58Z,INFO,api-10,request handled,202
3887,2026-09-08T10:47:11Z,INFO,api-11,request handled,209
3888,2026-09-01T10:48:24Z,INFO,api-0,request handled,216
3889,2026-09-02T10:49:37Z,INFO,api-1,request handled,223
3890,2026-09-03T10:50:50Z,INFO,api-2,request handled,230
3891,2026-09-04T10:51:03Z,INFO,api-3,request handled,237
3892,2026-09-05T10:52:16Z,INFO,api-4,request handled,244
3893,2026-09-06T10:53:29Z,INFO,api-5,request handled,251
3894,2026-09-07T10:54:42Z,INFO,api-6,request handled,258
3895,2026-09-08T10:55:55Z,INFO,api-7,request handled,265
3896,2026-09-01T10:56:08Z,INFO,api-8,request handled,272
3897,2026-09-02T10:57:21Z,INFO,api-9,request handled,279
3898,2026-09-03T10:58:34Z,INFO,api-10,request handled,286
3899,2026-09-04T10:59:47Z,INFO,api-11,request handled,293
3900,2026-09-05T10:00:00Z,INFO,api-0,request handled,300
3901,2026-09-06T10:01:13Z,INFO,api-1,request handled,307
3902,2026-09-07T10:02:26Z,INFO,api-2,request handled,314
3903,2026-09-08T10:03:39Z,INFO,api-3,request handled,321
3904,2026-09-01T10:04:52Z,INFO,api-4,request handled,328
3905,2026-09-02T10:05:05Z,INFO,api-5,request handled,335
3906,2026-09-03T10:06:18Z,INFO,api-6,request handled,342
3907,2026-09-04T10:07:31Z,INFO,api-7,request handled,349
3908,2026-09-05T10:08:44Z,INFO,api-8,request handled,356
3909,2026-09-06T10:09:57Z,INFO,api-9,request handled,363
3910,2026-09-07T10:10:10Z,INFO,api-10,request handled,370
3911,2026-09-08T10:11:23Z,INFO,api-11,request handled,377
3912,2026-09-01T10:12:36Z,INFO,api-0,request handled,384
3913,2026-09-02T10:13:49Z,INFO,api-1,request handled,391
3914,2026-09-03T10:14:02Z,INFO,api-2,request handled,398
3915,2026-09-04T10:15:15Z,INFO,api-3,request handled,405
3916,2026-09-05T10:16:28Z,INFO,api-4,request handled,412
3917,2026-09-06T10:17:41Z,INFO,api-5,request handled,419
3918,2026-09-07T10:18:54Z,INFO,api-6,request handled,426
3919,2026-09-08T10:19:07Z,INFO,api-7,request handled,433
3920,2026-09-01T10:20:20Z,INFO,api-8,request handled,440
3921,2026-09-02T10:21:33Z,INFO,api-9,request handled,447
3922,2026-09-03T10:22:46Z,INFO,api-10,request handled,454
3923,2026-09-04T10:23:59Z,INFO,api-11,request handled,461
3924,2026-09-05T10:24:12Z,INFO,api-0,request handled,468
3925,2026-09-06T10:25:25Z,INFO,api-1,request handled,475
3926,2026-09-07T10:26:38Z,INFO,api-2,request handled,482
3927,2026-09-08T10:27:51Z,INFO,api-3,request handled,489
3928,2026-09-01T10:28:04Z,INFO,api-4,request handled,496
3929,2026-09-02T10:29:17Z,INFO,api-5,request handled,503
3930,2026-09-03T10:30:30Z,INFO,api-6,request handled,510
3931,2026-09-04T10:31:43Z,INFO,api-7,request handled,517
3932,2026-09-05T10:32:56Z,INFO,api-8,request handled,524
3933,2026-09-06T10:33:09Z,INFO,api-9,request handled,531
3934,2026-09-07T10:34:22Z,INFO,api-10,request handled,538
3935,2026-09-08T10:35:35Z,INFO,api-11,request handled,545
3936,2026-09-01T10:36:48Z,INFO,api-0,request handled,552
3937,2026-09-02T10:37:01Z,INFO,api-1,request handled,559
3938,2026-09-03T10:38:14Z,INFO,api-2,request handled,566
3939,2026-09-04T10:39:27Z,INFO,api-3,request handled,573
3940,2026-09-05T10:40:40Z,INFO,api-4,request handled,580
3941,2026-09-06T10:41:53Z,INFO,api-5,request handled,587
3942,2026-09-07T10:42:06Z,INFO,api-6,request handled,594
3943,2026-09-08T10:43:19Z,INFO,api-7,request handled,601
3944,2026-09-01T10:44:32Z,INFO,api-8,request handled,608
3945,2026-09-02T10:45:45Z,INFO,api-9,request handled,615
3946,2026-09-03T10:46:58Z,INFO,api-10,request handled,622
3947,2026-09-04T10:47:11Z,INFO,api-11,request handled,629
3948,2026-09-05T10:48:24Z,INFO,api-0,request handled,636
3949,2026-09-06T10:49:37Z,INFO,api-1,request handled,643
3950,2026-09-07T10:50:50Z,INFO,api-2,request handled,650
3951,2026-09-08T10:51:03Z,INFO,api-3,request handled,657
3952,2026-09-01T10:52:16Z,INFO,api-4,request handled,664
3953,2026-09-02T10:53:29Z,INFO,api-5,request handled,671
3954,2026-09-03T10:54:42Z,INFO,api-6,request handled,678
3955,2026-09-04T10:55:55Z,INFO,api-7,request handled,685
3956,2026-09-05T10:56:08Z,INFO,api-8,request handled,692
3957,2026-09-06T10:57:21Z,INFO,api-9,request handled,699
3958,2026-09-07T10:58:34Z,INFO,api-10,request handled,706
3959,2026-09-08T10:59:47Z,INFO,api-11,request handled,713
3960,2026-09-01T10:00:00Z,INFO,api-0,request handled,720
3961,2026-09-02T10:01:13Z,INFO,api-1,request handled,727
3962,2026-09-03T10:02:26Z,INFO,api-2,request handled,734
3963,2026-09-04T10:03:39Z,INFO,api-3,request handled,741
3964,2026-09-05T10:04:52Z,INFO,api-4,request handled,748
3965,2026-09-06T10:05:05Z,INFO,api-5,request handled,755
3966,2026-09-07T10:06:18Z,INFO,api-6,request handled,762
3967,2026-09-08T10:07:31Z,INFO,api-7,request handled,769
3968,2026-09-01T10:08:44Z,INFO,api-8,request handled,776
3969,2026-09-02T10:09:57Z,INFO,api-9,request handled,783
3970,2026-09-03T10:10:10Z,INFO,api-10,request handled,790
3971,2026-09-04T10:11:23Z,INFO,api-11,request handled,797
3972,2026-09-05T10:12:36Z,INFO,api-0,request handled,804
3973,2026-09-06T10:13:49Z,INFO,api-1,request handled,811
3974,2026-09-07T10:14:02Z,INFO,api-2,request handled,818
3975,2026-09-08T10:15:15Z,INFO,api-3,request handled,825
3976,2026-09-01T10:16:28Z,INFO,api-4,request handled,832
3977,2026-09-02T10:17:41Z,WARN,api-5,request handled,839
3978,2026-09-03T10:18:54Z,INFO,api-6,request handled,846
3979,2026-09-04T10:19:07Z,INFO,api-7,request handled,853
3980,2026-09-05T10:20:20Z,INFO,api-8,request handled,860
3981,2026-09-06T10:21:33Z,INFO,api-9,request handled,867
3982,2026-09-07T10:22:46Z,INFO,api-10,request handled,874
3983,2026-09-08T10:23:59Z,INFO,api-11,request handled,881
3984,2026-09-01T10:24:12Z,INFO,api-0,request handled,888
3985,2026-09-02T10:25:25Z,INFO,api-1,request handled,895
3986,2026-09-03T10:26:38Z,INFO,api-2,request handled,2
3987,2026-09-04T10:27:51Z,INFO,api-3,request handled,9
3988,2026-09-05T10:28:04Z,INFO,api-4,request handled,16
3989,2026-09-06T10:29:17Z,INFO,api-5,request handled,23
3990,2026-09-07T10:30:30Z,INFO,api-6,request handled,30
3991,2026-09-08T10:31:43Z,INFO,api-7,request handled,37
3992,2026-09-01T10:32:56Z,INFO,api-8,request handled,44
3993,2026-09-02T10:33:09Z,INFO,api-9,request handled,51
3994,2026-09-03T10:34:22Z,INFO,api-10,request handled,58
3995,2026-09-04T10:35:35Z,INFO,api-11,request handled,65
3996,2026-09-05T10:36:48Z,INFO,api-0,request handled,72
3997,2026-09-06T10:37:01Z,INFO,api-1,request handled,79
3998,2026-09-07T10:38:14Z,INFO,api-2,request handled,86
3999,2026-09-08T10:39:27Z,INFO,api-3,request handled,93
4000,2026-09-01T10:40:40Z,ERROR,api-4,request handled,100
